Stage_Name,Full_Name,Korean_Name,Group,Country,File_Name
Taeyeon,Kim Taeyeon,김태연 ,SNSD,South Korea,female_idols/Taeyeon_KimTaeyeon.png
Sunny,Lee Sunkyu,이순규 ,SNSD,South Korea,female_idols/Sunny_LeeSunkyu.jpeg
Tiffany,Hwang Miyoung,황미영,SNSD,South Korea,female_idols/Tiffany_HwangMiyoung.jpeg
Hyoyeon,Kim Hyoyeon,김효연 ,SNSD,South Korea,female_idols/Hyoyeon_KimHyoyeon.jpeg
Yuri,Kwon Yuri,권유리 ,SNSD,South Korea,female_idols/Yuri_KwonYuri.jpeg
Sooyoung,Choi Sooyoung,최수영 ,SNSD,South Korea,female_idols/Sooyoung_ChoiSooyoung.png
Yoona,Im Yoona,임윤아 ,SNSD,South Korea,female_idols/Yoona_ImYoona.jpeg
Seohyun,Seo Joohyun,서주현 ,SNSD,South Korea,female_idols/Seohyun_SeoJoohyun.jpeg
Jessica,Jessica Jung,제시카 정,,South Korea,female_idols/Jessica_JessicaJung.jpeg
CL,Lee Chaerin,이채린,2NE1,South Korea,female_idols/CL_LeeChaerin.jpeg
Bom,Park Bom,박봄,2NE1,South Korea,female_idols/Bom_ParkBom.png
Dara,Park Sandara,박산다라,2NE1,South Korea,female_idols/Dara_ParkSandara.jpeg
Minzy,Kong Minji,공민지 ,2NE1,South Korea,female_idols/Minzy_KongMinji.jpeg
Hyorin,Kim Hyojung,김효정 ,SISTAR,South Korea,female_idols/Hyorin_KimHyojung.jpeg
Bora,Yoon Bora,윤보라 ,SISTAR,South Korea,female_idols/Bora_YoonBora.png
Soyou,Kang Jihyun,강지현 ,SISTAR,South Korea,female_idols/Soyou_KangJihyun.jpeg
Dasom,Kim Dasom,김다솜 ,SISTAR,South Korea,female_idols/Dasom_KimDasom.jpeg
Jihyun,Nam Jihyun,남지현 ,4minute,South Korea,female_idols/Jihyun_NamJihyun.jpeg
Gayoon,Heo Gayoon,허가윤,4minute,South Korea,female_idols/Gayoon_HeoGayoon.jpeg
Jiyoon,Jeon Jiyoon,전지윤,4minute,South Korea,female_idols/Jiyoon_JeonJiyoon.jpeg
HyunA,Kim Hyuna,김현아 ,4minute,South Korea,female_idols/HyunA_KimHyuna.jpeg
Sohyun,Kwon Sohyun,권소현,4minute,South Korea,female_idols/Sohyun_KwonSohyun.jpeg
Jimin,Shin Jimin,신지민 ,,South Korea,female_idols/Jimin_ShinJimin.jpeg
Choa,Park Choa,박초아 ,,South Korea,female_idols/Choa_ParkChoa.jpeg
Yuna,Seo Yuna,서유나 ,AoA,South Korea,female_idols/Yuna_SeoYuna.jpeg
Yookyung,Seo Yookyung,서유경 ,,South Korea,female_idols/Yookyung_SeoYookyung.webp
Hyejeong,Shin Hyejeong,신혜정 ,AoA,South Korea,female_idols/Hyejeong_ShinHyejeong.jpeg
Mina,Kwon Mina,권민아 ,,South Korea,female_idols/Mina_KwonMina.jpeg
Seolhyun,Kim Seolhyun,김설현 ,AoA,South Korea,female_idols/Seolhyun_KimSeolhyun.jpeg
Chanmi,Kim Chanmi,김찬미 ,AoA,South Korea,female_idols/Chanmi_KimChanmi.jpeg
Sojin,Park Sojin,박소진 ,Girl's Day,South Korea,female_idols/Sojin_ParkSojin.jpeg
Yura,Kim Ahyoung,김아영 ,Girl's Day,South Korea,female_idols/Yura_KimAhyoung.jpeg
Minah,Bang Minah,방민아 ,Girl's Day,South Korea,female_idols/Minah_BangMinah.png
Hyeri,Lee Hyeri,이혜리 ,Girl's Day,South Korea,female_idols/Hyeri_LeeHyeri.jpeg
Jea,Kim Hyojin,김효진,Brown Eyed Girls,South Korea,female_idols/Jea_KimHyojin.jpeg
Miryo,Jo Mihye,조미혜,Brown Eyed Girls,South Korea,female_idols/Miryo_JoMihye.jpeg
Narsha,Park Hyojin,박효진,Brown Eyed Girls,South Korea,female_idols/Narsha_ParkHyojin.jpeg
Gain,Son Gain,손가인,Brown Eyed Girls,South Korea,female_idols/Gain_SonGain.jpeg
Chorong,Park Chorong,박초롱,Apink,South Korea,female_idols/Chorong_ParkChorong.jpeg
Bomi,Yoon Bomi,윤보미,Apink,South Korea,female_idols/Bomi_YoonBomi.jpeg
Eunji,Jung Eunji,정은지 ,Apink,South Korea,female_idols/Eunji_JungEunji.png
Naeun,Son Naeun,손나은,,South Korea,female_idols/Naeun_SonNaeun.jpeg
Namjoo,Kim Namjoo,김남주,Apink,South Korea,female_idols/Namjoo_KimNamjoo.jpeg
Hayoung,Oh Hayoung,오하영 ,Apink,South Korea,female_idols/Hayoung_OhHayoung.jpeg
Solji,Heo Solji,허솔지,EXID,South Korea,female_idols/Solji_HeoSolji.jpeg
LE,Ahn Hyejin,안효진,EXID,South Korea,female_idols/LE_AhnHyejin.jpeg
Hani,Ahn Hee-yeon,안희연,EXID,South Korea,female_idols/Hani_AhnHee-yeon.jpeg
Hyerin,Seo Hyerin,서혜린,EXID,South Korea,female_idols/Hyerin_SeoHyerin.png
Junghwa,Park Junghwa,박정화,EXID,South Korea,female_idols/Junghwa_ParkJunghwa.jpeg
Hyeyeon,Kang Hyeyeon,강혜연,BESTie,South Korea,female_idols/Hyeyeon_KangHyeyeon.jpeg
Uji,Jang Yuji,정유지 ,,South Korea,female_idols/Uji_JangYuji.png
Dahye,Song Dahye,송다혜 ,,South Korea,female_idols/Dahye_SongDahye.jpeg
Haeryeong,Na Haeryeong,나해령,BESTie,South Korea,female_idols/Haeryeong_NaHaeryeong.jpeg
Yubin,Kim Yubin,김유빈 ,Wonder Girls,South Korea,female_idols/Yubin_KimYubin.jpeg
Yenny,Park Yeeun,박예은,Wonder Girls,South Korea,female_idols/Yenny_ParkYeeun.jpeg
Sunmi,Lee Sunmi,이선미,Wonder Girls,South Korea,female_idols/Sunmi_LeeSunmi.jpeg
Hyerim,Woo Hyerim,우혜림,Wonder Girls,South Korea,female_idols/Hyerim_WooHyerim.jpeg
Fei,Wang FeiFei,왕페이페이 ,miss A,China,female_idols/Fei_WangFeiFei.jpeg
Jia,Meng Jia,멍지아 ,miss A,China,female_idols/Jia_MengJia.jpeg
Min,Lee Minyoung,이민영,miss A,South Korea,female_idols/Min_LeeMinyoung.jpeg
Suzy,Bae Suji,배수지,miss A,South Korea,female_idols/Suzy_BaeSuji.jpeg
Jamie,Park Jimin,박지민,15&,South Korea,female_idols/Jamie_ParkJimin.png
Yerin,Baek Yerin,백예린,15&,South Korea,female_idols/Yerin_BaekYerin.png
Jihyo,Park Jisoo,박지수,Twice,South Korea,female_idols/Jihyo_ParkJisoo.jpeg
Nayeon,Im Nayeon,임나연,Twice,South Korea,female_idols/Nayeon_ImNayeon.jpeg
Jeongyeon,Yoo Jeongyeon,유정연,Twice,South Korea,female_idols/Jeongyeon_YooJeongyeon.png
Momo,Hirai Momo,히라이 모모,Twice,Japan,female_idols/Momo_HiraiMomo.png
Sana,Minatozaki Sana,미나토자키 사나,Twice,Japan,female_idols/Sana_MinatozakiSana.jpeg
Mina,Myoui Mina,묘이 미나,Twice,Japan,female_idols/Mina_MyouiMina.jpeg
Dahyun,Kim Dahyun,김다현,Twice,South Korea,female_idols/Dahyun_KimDahyun.jpeg
Chaeyoung,Son Chaeyoung,손채영,Twice,South Korea,female_idols/Chaeyoung_SonChaeyoung.jpeg
Tzuyu,Chou Tzuyu,저우쯔위,Twice,Taiwan,female_idols/Tzuyu_ChouTzuyu.jpeg
Seunghee,Oh Seunghee,오승희,CLC,South Korea,female_idols/Seunghee_OhSeunghee.jpeg
Yujin,Choi Yujin,최유진,Kep1er,South Korea,female_idols/Yujin_ChoiYujin.jpeg
Seungyeon,Jang Seunyeon,장승연 ,CLC,South Korea,female_idols/Seungyeon_JangSeunyeon.png
Sorn,Chonnasorn Sajakul,촌나손 사짜꾼,CLC,Thailand,female_idols/Sorn_ChonnasornSajakul.jpeg
YeeEun,Jang Yeeun,장예은 ,CLC,South Korea,female_idols/YeeEun_JangYeeun.png
Hyuna,Moon Hyuna,문현아 ,,South Korea,female_idols/Hyuna_MoonHyuna.jpeg
Euaerin,Lee Hyemin,이혜민,,South Korea,female_idols/Euaerin_LeeHyemin.png
Sungah,Son Sungah,손성아,9Muses,South Korea,female_idols/Sungah_SonSungah.png
Kyungri,Park Kyungri,박경리,9Muses,South Korea,female_idols/Kyungri_ParkKyungri.jpeg
Hyemi,Pyo Hyemi,표혜미,9Muses,South Korea,female_idols/Hyemi_PyoHyemi.png
Minha,Park Minha,박민하 ,,South Korea,female_idols/Minha_ParkMinha.png
Sojin,Jo Sojin,조소진,9Muses,South Korea,female_idols/Sojin_JoSojin.jpeg
Keumjo,Lee Keumjo,이금조,9Muses,South Korea,female_idols/Keumjo_LeeKeumjo.png
Sowon,Kim Sojung,김소정,Gfriend,South Korea,female_idols/Sowon_KimSojung.jpeg
Yerin,Jung Yerin,정예린,Gfriend,South Korea,female_idols/Yerin_JungYerin.jpeg
Eunha,Jung Eunbi,정은비,VIVIZ,South Korea,female_idols/Eunha_JungEunbi.jpeg
Yuju,Choi Yuna,최유나,Gfriend,South Korea,female_idols/Yuju_ChoiYuna.jpeg
SinB,Hwang Eunbi,황은비 ,VIVIZ,South Korea,female_idols/SinB_HwangEunbi.jpeg
Umji,Kim Yewon,김예원,VIVIZ,South Korea,female_idols/Umji_KimYewon.jpeg
Victoria,Song Qian,송치엔 ,f(x),China,female_idols/Victoria_SongQian.jpeg
Amber,Amber Josephine Liu,엠버 조세핀 리우,f(x),USA,female_idols/Amber_AmberJosephineLiu.jpeg
Luna,Park Sunyoung,박선영,f(x),South Korea,female_idols/Luna_ParkSunyoung.jpeg
Krystal,Krystal Jung,크리스탈 정,f(x),South Korea,female_idols/Krystal_KrystalJung.png
Irene,Bae Juhyun,배주현 ,Red Velvet,South Korea,female_idols/Irene_BaeJuhyun.png
Seulgi,Kang Seulgi,강슬기,Red Velvet,South Korea,female_idols/Seulgi_KangSeulgi.jpeg
Wendy,Son Seunghwan,손승완,Red Velvet,South Korea,female_idols/Wendy_SonSeunghwan.png
Joy,Park Sooyoung,박수영,Red Velvet,South Korea,female_idols/Joy_ParkSooyoung.jpeg
Yeri,Kim Yerim,김예림,Red Velvet,South Korea,female_idols/Yeri_KimYerim.jpeg
BoA,Kwon Boa,권보아,,South Korea,female_idols/BoA_KwonBoa.png
Ailee,Lee Yejin,이예진,,South Korea,female_idols/Ailee_LeeYejin.jpeg
G.NA,Gina Jane Choi,최지나,,Canada,female_idols/G.NA_GinaJaneChoi.jpeg
Taeha,Yoo Taeha,유태하,,South Korea,female_idols/Taeha_YooTaeha.png
Seoyul,Seo Yuri,서유리,Berry Good,South Korea,female_idols/Seoyul_SeoYuri.jpeg
Daye,Kim Hyunjung,김현정,Berry Good,South Korea,female_idols/Daye_KimHyunjung.jpeg
Sehyung,Kang Sehyung,강세형,Berry Good,South Korea,female_idols/Sehyung_KangSehyung.webp
Gowoon,Moon Yujeong,문유정,Berry Good,South Korea,female_idols/Gowoon_MoonYujeong.png
Hyangsuk,Lee Hyangsuk,이향숙 ,2EYES,South Korea,female_idols/Hyangsuk_LeeHyangsuk.png
Daeun,Jung Daeun,정다은,2EYES,South Korea,female_idols/Daeun_JungDaeun.png
Dasom,Lee Dasom,이다솜,2EYES,South Korea,female_idols/Dasom_LeeDasom.png
Hyerin,Kim Hyerin,김혜린,2EYES,South Korea,female_idols/Hyerin_KimHyerin.png
IU,Lee Jieun,이지은,,South Korea,female_idols/IU_LeeJieun.jpeg
Jei,Kim Jinhee,김진희,Fiestar,South Korea,female_idols/Jei_KimJinhee.png
Cao Lu,Cao Lu,차오루,Fiestar,China,female_idols/Cao Lu_CaoLu.jpeg
Linzy,Im Minji,임민지,Fiestar,South Korea,female_idols/Linzy_ImMinji.png
Hyemi,Kim Hyemi,김혜미,Fiestar,South Korea,female_idols/Hyemi_KimHyemi.jpeg
Yezi,Lee Yeji,이예지,Fiestar,South Korea,female_idols/Yezi_LeeYeji.png
Hana,Shin Bora,신보라,Gugudan,South Korea,female_idols/Hana_ShinBora.jpeg
Mimi,Jung Mimi,정미미,Gugudan,South Korea,female_idols/Mimi_JungMimi.webp
Haebin,Han Haebin,한해빈,Gugudan,South Korea,female_idols/Haebin_HanHaebin.png
Nayoung,Kim Nayoung,김나영,Gugudan,South Korea,female_idols/Nayoung_KimNayoung.webp
Sejeong,Kim Sejeong,김세정,Gugudan,South Korea,female_idols/Sejeong_KimSejeong.jpeg
Sally,Liu Xiening,류셰닝,Gugudan,China,female_idols/Sally_LiuXiening.jpeg
Soyee,Jang Sojin,장소진,Gugudan,South Korea,female_idols/Soyee_JangSojin.jpeg
Mina,Kang Mina,강미나,Gugudan,South Korea,female_idols/Mina_KangMina.jpeg
Hyeyeon,Cho Hyeyeon,조혜연,,South Korea,female_idols/Hyeyeon_ChoHyeyeon.jpeg
Hyojung,Choi Hyojung,최효정,Oh My Girl,South Korea,female_idols/Hyojung_ChoiHyojung.jpeg
JinE,Shin Hyejin,신혜진,,South Korea,female_idols/JinE_ShinHyejin.jpeg
Mimi,Kim Mihyun,김미현,Oh My Girl,South Korea,female_idols/Mimi_KimMihyun.jpeg
Yooa,Yoo Siah,유시아,Oh My Girl,South Korea,female_idols/Yooa_YooSiah.jpeg
Seunghee,Hyun Seunghee,현승희,Oh My Girl,South Korea,female_idols/Seunghee_HyunSeunghee.jpeg
Jiho,Kim Jiho,김지호,,South Korea,female_idols/Jiho_KimJiho.png
Yubin,Bae Yubin,배유빈,Oh My Girl,South Korea,female_idols/Yubin_BaeYubin.png
Arin,Choi Yewon,최예원,Oh My Girl,South Korea,female_idols/Arin_ChoiYewon.png
Babysoul,Lee Soojung,이수정,Lovelyz,South Korea,female_idols/Babysoul_LeeSoojung.jpeg
Jiae,Yoo Jiae,유지애,Lovelyz,South Korea,female_idols/Jiae_YooJiae.png
Jisoo,Seo Jisoo,서지수,Lovelyz,South Korea,female_idols/Jisoo_SeoJisoo.jpeg
Mijoo,Lee Mijoo,이미주,Lovelyz,South Korea,female_idols/Mijoo_LeeMijoo.jpeg
Kei,Kim Jiyeon,김지연,Lovelyz,South Korea,female_idols/Kei_KimJiyeon.jpeg
JIN,Park Myungeun,박명은,Lovelyz,South Korea,female_idols/JIN_ParkMyungeun.png
Sujeong,Ryu Sujeong,류수정,Lovelyz,South Korea,female_idols/Sujeong_RyuSujeong.png
Yein,Jeong Yein,정예인,Lovelyz,South Korea,female_idols/Yein_JeongYein.jpeg
Yujeong,Kim Yujeong,김유정,,South Korea,female_idols/Yujeong_KimYujeong.jpeg
Soyeon,Jung Soyeon,정소연,LABOUM,South Korea,female_idols/Soyeon_JungSoyeon.png
ZN,Bae Jinye,배진예,LABOUM,South Korea,female_idols/ZN_BaeJinye.jpeg
Haein,Yeom Haein,염해인,LABOUM,South Korea,female_idols/Haein_YeomHaein.png
Solbin,Ahn Solbin,안솔빈,LABOUM,South Korea,female_idols/Solbin_AhnSolbin.jpeg
Yulhee,Kim Yulhee,김율희,,South Korea,female_idols/Yulhee_KimYulhee.png
Boram,Jeon Boram,전보람,,South Korea,female_idols/Boram_JeonBoram.jpeg
Qri,Lee Jihyun,이지현,T-ara,South Korea,female_idols/Qri_LeeJihyun.jpeg
Soyeon,Park Soyeon,박소연,,South Korea,female_idols/Soyeon_ParkSoyeon.png
Eunjung,Ham Eunjung,함은정,T-ara,South Korea,female_idols/Eunjung_HamEunjung.png
Hyomin,Park Sunyoung,박선영,T-ara,South Korea,female_idols/Hyomin_ParkSunyoung.png
Jiyeon,Park Jiyeon,박지연,T-ara,South Korea,female_idols/Jiyeon_ParkJiyeon.jpeg
Solar,Kim Yongsun,김용선,Mamamoo,South Korea,female_idols/Solar_KimYongsun.png
Moonbyul,Moon Byulyi,문별이,Mamamoo,South Korea,female_idols/Moonbyul_MoonByulyi.jpeg
Wheein,Jung Wheein,정휘인,Mamamoo,South Korea,female_idols/Wheein_JungWheein.png
Hwasa,Ahn Hyejin,안혜진,Mamamoo,South Korea,female_idols/Hwasa_AhnHyejin.jpeg
Yeoeun,Jung Jieun,정지은,MELODYDAY,South Korea,female_idols/Yeoeun_JungJieun.png
Yein,Ahn Yein,안예인,MELODYDAY,South Korea,female_idols/Yein_AhnYein.png
Chahee,Park Sooyoung,박수영,MELODYDAY,South Korea,female_idols/Chahee_ParkSooyoung.webp
Yoomin,Na Yoomin,나유민,MELODYDAY,South Korea,female_idols/Yoomin_NaYoomin.png
Elkie,Chong Ting Yan,쫑딩얀,,Hong Kong,female_idols/Elkie_ChongTingYan.jpeg
Eunbin,Kwon Eunbin,권은빈,CLC,South Korea,female_idols/Eunbin_KwonEunbin.jpeg
Jisoo,Kim Jisoo,김지수,BLACKPINK,South Korea,female_idols/Jisoo_KimJisoo.jpeg
Jennie,Kim Jennie,김제니,BLACKPINK,South Korea,female_idols/Jennie_KimJennie.jpeg
Rosé,Roseanne Park,로잔느 박,BLACKPINK,South Korea,female_idols/Rosé_RoseannePark.jpeg
Lisa,Pranpriya Manoban,쁘란쁘리야 마노반,BLACKPINK,Thailand,female_idols/Lisa_PranpriyaManoban.jpeg
Hyeji,Jeong Hyeji,정혜지,4TEN,South Korea,female_idols/Hyeji_JeongHyeji.png
Heeo,Gwak Heeoh,곽히오,4TEN,South Korea,female_idols/Heeo_GwakHeeoh.jpeg
Yoon,Heo Yoon,허윤,4TEN,South Korea,female_idols/Yoon_HeoYoon.png
Hyejin,Baek Hyejin,백혜진 ,4TEN,South Korea,female_idols/Hyejin_BaekHyejin.png
Uee,Kim Yujin,김유진,,South Korea,female_idols/Uee_KimYujin.png
Raina,Oh Hyerin,오혜린,After School,South Korea,female_idols/Raina_OhHyerin.jpeg
Nana,Im Jinah,임진아,After School,South Korea,female_idols/Nana_ImJinah.png
Lizzy,Park Sooyoung,박수영,After School,South Korea,female_idols/Lizzy_ParkSooyoung.jpeg
E-Young,Noh Yiyoung,노이영,After School,South Korea,female_idols/E-Young_NohYiyoung.jpeg
Kaeun,Lee Kaeun,이가은,After School,South Korea,female_idols/Kaeun_LeeKaeun.jpeg
Kahi,Park Jiyoung,박지영,,South Korea,female_idols/Kahi_ParkJiyoung.jpeg
Jooyeon,Lee Jooyeon,이주연,,South Korea,female_idols/Jooyeon_LeeJooyeon.png
Jungah,Kim Jungah,김정아,,South Korea,female_idols/Jungah_KimJungah.png
Soyoung,Yoo Soyoung,유소영,,South Korea,female_idols/Soyoung_YooSoyoung.png
Bekah,Rebecca Kim,김레베카,,South Korea,female_idols/Bekah_RebeccaKim.png
Chaewon,Kim Chaewon,김채원,APRIL,South Korea,female_idols/Chaewon_KimChaewon.jpeg
Naeun,Lee Naeun,이나은,APRIL,South Korea,female_idols/Naeun_LeeNaeun.jpeg
Yena,Yang Yena,양예나,APRIL,South Korea,female_idols/Yena_YangYena.png
Jinsol,Lee Jinsol,이진솔,APRIL,South Korea,female_idols/Jinsol_LeeJinsol.jpeg
Hyunjoo,Lee Hyunjoo,이현주,UNI.T,South Korea,female_idols/Hyunjoo_LeeHyunjoo.jpeg
Monika,Kang Yeh,강예,BADKIZ,South Korea,female_idols/Monika_KangYeh.jpeg
LuA,Jo Hankyeung,조한경,BADKIZ,South Korea,female_idols/LuA_JoHankyeung.jpeg
K.Me,Na Miri,나미리,BADKIZ,South Korea,female_idols/K.Me_NaMiri.png
Somin,Jang Somin,장소민,BADKIZ,South Korea,female_idols/Somin_JangSomin.png
U-Si,Yoo Jiyeon,윤지연,BADKIZ,South Korea,female_idols/U-Si_YooJiyeon.webp
Gabin,Kim Gabin,김가빈,Blady,South Korea,female_idols/Gabin_KimGabin.jpeg
Dayoung,Kim Dayoung,김다영,Blady,South Korea,female_idols/Dayoung_KimDayoung.png
Giru,Park Giru,박기루,Blady,South Korea,female_idols/Giru_ParkGiru.png
Tina,Christine Joy Park,크리스틴 조이 박,Blady,USA,female_idols/Tina_ChristineJoyPark.png
Yeeun,Hwang Yeeun,황예은,Blady,South Korea,female_idols/Yeeun_HwangYeeun.png
Minyoung,Kim Minyeong,김민영,Brave Girls,South Korea,female_idols/Minyoung_KimMinyeong.jpeg
Yujeong,Nam Yujeong,남유정,Brave Girls,South Korea,female_idols/Yujeong_NamYujeong.jpeg
Eunji,Hong Eunji,홍은지,Brave Girls,South Korea,female_idols/Eunji_HongEunji.jpeg
Yoojin,Jang Yoojin,정유진,,South Korea,female_idols/Yoojin_JangYoojin.png
Yuna,Lee Yuna,이유나,Brave Girls,South Korea,female_idols/Yuna_LeeYuna.jpeg
Hyeran,Noh Hyeran,노혜란,,South Korea,female_idols/Hyeran_NohHyeran.jpeg
Hayun,Lee Hayun,이하윤,,South Korea,female_idols/Hayun_LeeHayun.png
Bona,Kim Jiyeon,김지연,WJSN,South Korea,female_idols/Bona_KimJiyeon.jpeg
Cheng Xiao,Cheng Xiao,청샤오,,China,female_idols/Cheng Xiao_ChengXiao.jpeg
Dayoung,Im Dayoung,임다영,WJSN,South Korea,female_idols/Dayoung_ImDayoung.jpeg
Xuanyi,Wu Xuanyi,우쉬안이,,China,female_idols/Xuanyi_WuXuanyi.jpeg
Eunseo,Son Juyeon,손주연,WJSN,South Korea,female_idols/Eunseo_SonJuyeon.jpeg
Yeoreum,Lee Jinsook,이진숙,WJSN,South Korea,female_idols/Yeoreum_LeeJinsook.jpeg
Seola,Kim Hyunjung,김현정,WJSN,South Korea,female_idols/Seola_KimHyunjung.jpeg
Exy,Chu Sojung,추소정,WJSN,South Korea,female_idols/Exy_ChuSojung.jpeg
Soobin,Park Soobin,박수빈,WJSN,South Korea,female_idols/Soobin_ParkSoobin.jpeg
Luda,Lee Luda,이루다,WJSN,South Korea,female_idols/Luda_LeeLuda.jpeg
Dawon,Nam Dawon,남다원,WJSN,South Korea,female_idols/Dawon_NamDawon.jpeg
Meiqi,Meng Meiqi,멍메이치,,China,female_idols/Meiqi_MengMeiqi.jpeg
Yeonjung,Yu Yeonjung,유연정,WJSN,South Korea,female_idols/Yeonjung_YuYeonjung.jpeg
Geummi,Baek Boram,백보람,Crayon Pop,South Korea,female_idols/Geummi_BaekBoram.png
Ellin,Kim Minyoung,김민영,Crayon Pop,South Korea,female_idols/Ellin_KimMinyoung.jpeg
Choa,Heo Minjin,허민진,Crayon Pop,South Korea,female_idols/Choa_HeoMinjin.webp
Way,Heo Minsun,허민선,Crayon Pop,South Korea,female_idols/Way_HeoMinsun.png
Soyul,Park Hyekyeong,박혜경,Crayon Pop,South Korea,female_idols/Soyul_ParkHyekyeong.png
Hanna,Shin Jiyeon,신지연,MIXX,South Korea,female_idols/Hanna_ShinJiyeon.png
Henny,Kang Gayoung,강가영,,South Korea,female_idols/Henny_KangGayoung.png
Arie,Jeon Minjae,전민재,MIXX,South Korea,female_idols/Arie_JeonMinjae.png
Liyah,Moon Liya,문리야,MIXX,South Korea,female_idols/Liyah_MoonLiya.png
Jiu,Kim Minji,김민지,Dreamcatcher,South Korea,female_idols/Jiu_KimMinji.png
Sua,Kim Bora,김보라,Dreamcatcher,South Korea,female_idols/Sua_KimBora.png
Siyeon,Lee Siyeon,이시연,Dreamcatcher,South Korea,female_idols/Siyeon_LeeSiyeon.jpeg
Yoohyeon,Kim Yoohyeon,김유현,Dreamcatcher,South Korea,female_idols/Yoohyeon_KimYoohyeon.jpeg
Dami,Lee Yoobin,이유빈,Dreamcatcher,South Korea,female_idols/Dami_LeeYoobin.png
Hyebin,Lee Hyebin,이혜빈,MOMOLAND,South Korea,female_idols/Hyebin_LeeHyebin.png
Yeonwoo,Lee Dabin,이다빈,,South Korea,female_idols/Yeonwoo_LeeDabin.jpeg
Jane,Sung Jiyeon,성지연,MOMOLAND,South Korea,female_idols/Jane_SungJiyeon.png
Nayun,Kim Nayun,김나윤,MOMOLAND,South Korea,female_idols/Nayun_KimNayun.webp
Joo E,Lee Joowon,이주원,MOMOLAND,South Korea,female_idols/Joo E_LeeJoowon.jpeg
AhIn,Lee Ahin,이아인,MOMOLAND,South Korea,female_idols/AhIn_LeeAhin.jpeg
Nancy,Nancy Mcdonie,낸시 맥다니,MOMOLAND,South Korea,female_idols/Nancy_NancyMcdonie.png
Sumin,Ji Sumin,지수민,Sonamoo,South Korea,female_idols/Sumin_JiSumin.jpeg
Minjae,Seong Minjae,성민재,Sonamoo,South Korea,female_idols/Minjae_SeongMinjae.jpeg
D.ana,Cho Eunae,조은애,Sonamoo,South Korea,female_idols/D.ana_ChoEunae.jpeg
Nahyun,Kim Nahyun,김나현,Sonamoo,South Korea,female_idols/Nahyun_KimNahyun.png
Euijin,Hong Euijin,홍의진,Sonamoo,South Korea,female_idols/Euijin_HongEuijin.png
High.D,Kim Dohee,김도희,Sonamoo,South Korea,female_idols/High.D_KimDohee.jpeg
New Sun,Choi Yoonsun,최윤선,Sonamoo,South Korea,female_idols/New Sun_ChoiYoonsun.webp
Somin,Jeon Somin,전소민,KARD,South Korea,female_idols/Somin_JeonSomin.jpeg
Jiwoo,Jeon Jiwoo,전지우,KARD,South Korea,female_idols/Jiwoo_JeonJiwoo.jpeg
Youngji,Hur Youngji,허영지,KARA,South Korea,female_idols/Youngji_HurYoungji.jpeg
Gyuri,Park Gyuri,박규리,KARA,South Korea,female_idols/Gyuri_ParkGyuri.jpeg
Seungyeon,Han Seungyeon,한승연,KARA,South Korea,female_idols/Seungyeon_HanSeungyeon.jpeg
Hara†,Koo Hara,구하라,KARA,South Korea,female_idols/Hara†_KooHara.jpeg
Nicole,Nicole Jung,정니콜,KARA,South Korea,female_idols/Nicole_NicoleJung.jpeg
Jiyoung,Kang Jiyoung,강지영,KARA,South Korea,female_idols/Jiyoung_KangJiyoung.jpeg
Moonhee,Choi Moonhee,최문희,Bonus Baby,South Korea,female_idols/Moonhee_ChoiMoonhee.jpeg
Hayoon,Jung Hayoon,정하윤,Bonus Baby,South Korea,female_idols/Hayoon_JungHayoon.png
Chaehyun,Kim Chaehyun,김채현,Bonus Baby,South Korea,female_idols/Chaehyun_KimChaehyun.png
Dayun,Kim Dayun,김다윤,Bonus Baby,South Korea,female_idols/Dayun_KimDayun.png
Gaon,Beom Gaon,범가온,Bonus Baby,South Korea,female_idols/Gaon_BeomGaon.png
Kongyoo,Kong Yoojin,공유진,Bonus Baby,South Korea,female_idols/Kongyoo_KongYoojin.webp
Chaekyung,Yoon Chaekyung,윤채경,APRIL,South Korea,female_idols/Chaekyung_YoonChaekyung.webp
Rachel,Sung Nayeon,성나연,APRIL,South Korea,female_idols/Rachel_SungNayeon.png
Sohee,Kim Sohee,소희,Nature,South Korea,female_idols/Sohee_KimSohee.png
Lee Haein,Lee Haein,이해인,I.B.I,South Korea,female_idols/Lee Haein_LeeHaein.jpeg
Lee Suhyun,Lee Suhyun,이수현,I.B.I,South Korea,female_idols/Lee Suhyun_LeeSuhyun.jpeg
Han Hyeri,Han Hyeri,한혜리,I.B.I,South Korea,female_idols/Han Hyeri_HanHyeri.jpeg
Hyosung,Jun Hyoseong,전효성,SECRET,South Korea,female_idols/Hyosung_JunHyoseong.jpeg
Hana,Jung Hana,정하나,SECRET,South Korea,female_idols/Hana_JungHana.jpeg
Jieun,Song Jieun,송지은,SECRET,South Korea,female_idols/Jieun_SongJieun.jpeg
Sunhwa,Han Sunhwa,한선화,,South Korea,female_idols/Sunhwa_HanSunhwa.jpeg
Heeyu,Choi Heejae,최희재,MIXX,South Korea,female_idols/Heeyu_ChoiHeejae.jpeg
Mia,Son Hyunmi,손현미,MIXX,South Korea,female_idols/Mia_SonHyunmi.png
Heejin,Jeon Heejin,전희진,ARTMS,South Korea,female_idols/Heejin_JeonHeejin.jpeg
Hyunjin,Kim Hyunjin,김현진,Loossemble,South Korea,female_idols/Hyunjin_KimHyunjin.webp
Haseul,Jo Haseul,조하슬,ARTMS,South Korea,female_idols/Haseul_JoHaseul.jpeg
Yeojin,Im Yeojin,임여진,Loossemble,South Korea,female_idols/Yeojin_ImYeojin.png
Handong,Han Dong,한동,Dreamcatcher,China,female_idols/Handong_HanDong.png
Gahyeon,Lee Gahyeon,이가현,Dreamcatcher,South Korea,female_idols/Gahyeon_LeeGahyeon.jpeg
Nayoung,Im Nayoung,임나영,Pristin,South Korea,female_idols/Nayoung_ImNayoung.png
Roa,Kim Minkyung,김민경,Hinapia,South Korea,female_idols/Roa_KimMinkyung.jpeg
Yuha,Kang Kyungwon,강경원,Hinapia,South Korea,female_idols/Yuha_KangKyungwon.jpeg
Eunwoo,Jeong Eunwoo,정은우,Hinapia,South Korea,female_idols/Eunwoo_JeongEunwoo.webp
Rena,Kang Yebin,강예빈,Hinapia,South Korea,female_idols/Rena_KangYebin.png
Kyulkyung,Zhou Jieqiong,저우제충,Pristin,China,female_idols/Kyulkyung_ZhouJieqiong.jpeg
Yehana,Kim Yewon,김예원,Pristin,South Korea,female_idols/Yehana_KimYewon.png
Sungyeon,Bae Sungyeon,배성연,Pristin,USA,female_idols/Sungyeon_BaeSungyeon.png
Xiyeon,Park Junghyun,박정현,Pristin,South Korea,female_idols/Xiyeon_ParkJunghyun.png
Kyla,Kyla Massie,카일라 매시,Pristin,USA,female_idols/Kyla_KylaMassie.png
Alice,Song Joohee,송주희,Hello Venus,South Korea,female_idols/Alice_SongJoohee.jpeg
Nara,Kwon Nara,권나라,Hello Venus,South Korea,female_idols/Nara_KwonNara.jpeg
Lime,Kim Hyerim,김혜림,Hello Venus,South Korea,female_idols/Lime_KimHyerim.jpeg
Seoyoung,Lee Seoyoung,이서영,Hello Venus,South Korea,female_idols/Seoyoung_LeeSeoyoung.jpeg
Yooyoung,Lee Yooyoung,이유영,Hello Venus,South Korea,female_idols/Yooyoung_LeeYooyoung.png
Yeoreum,Ahn Chaeyeon,안채연,Hello Venus,South Korea,female_idols/Yeoreum_AhnChaeyeon.jpeg
Eunice,Heo Sooyeon,허수연,DIA,South Korea,female_idols/Eunice_HeoSooyeon.jpeg
Huihyeon,Ki Huihyeon,기희현,DIA,South Korea,female_idols/Huihyeon_KiHuihyeon.jpeg
Jenny,Lee Soyul,이소율,,South Korea,female_idols/Jenny_LeeSoyul.jpeg
Yebin,Baek Yebin,백예빈,DIA,South Korea,female_idols/Yebin_BaekYebin.jpeg
Eunjin,Ahn Eunjin,안은진,,South Korea,female_idols/Eunjin_AhnEunjin.png
Chaeyeon,Jung Chaeyeon,정채연,DIA,South Korea,female_idols/Chaeyeon_JungChaeyeon.jpeg
Eunchae,Kwon Chaewon,권채원,DIA,South Korea,female_idols/Eunchae_KwonChaewon.png
Chungha,Kim Chungha,김청하,,South Korea,female_idols/Chungha_KimChungha.jpeg
Sohye,Kim Sohye,김소혜,,South Korea,female_idols/Sohye_KimSohye.png
Yoojung,Choi Yoojung,최유정,Weki Meki,South Korea,female_idols/Yoojung_ChoiYoojung.jpeg
Doyeon,Kim Doyeon,김도연,Weki Meki,South Korea,female_idols/Doyeon_KimDoyeon.png
Somi,Jeon Somi,전소미,,South Korea,female_idols/Somi_JeonSomi.jpeg
I,Cha Yoonji,차윤지,,South Korea,female_idols/I_ChaYoonji.jpeg
Johyun,Shin Jiwon,신지원,Berry Good,South Korea,female_idols/Johyun_ShinJiwon.jpeg
Serri,Park Miyeon,박미연,Dal Shabet,South Korea,female_idols/Serri_ParkMiyeon.jpeg
Ahyoung,Cho Jayoung,조자영,Dal Shabet,South Korea,female_idols/Ahyoung_ChoJayoung.webp
Woohee,Bae Woohee,배우희,Dal Shabet,South Korea,female_idols/Woohee_BaeWoohee.jpeg
Subin,Park Subin,박수빈,Dal Shabet,South Korea,female_idols/Subin_ParkSubin.jpeg
Jiyul,Yang Jungyoon,양정윤,,South Korea,female_idols/Jiyul_YangJungyoon.jpeg
Gaeun,Cho Kaeun,조가은,,South Korea,female_idols/Gaeun_ChoKaeun.png
Viki,Kang Eunhye,강은혜,,South Korea,female_idols/Viki_KangEunhye.jpeg
Haeri,Lee Haeri,이해리,Davichi,South Korea,female_idols/Haeri_LeeHaeri.jpeg
Minkyung,Kang Minkyung,강민경,Davichi,South Korea,female_idols/Minkyung_KangMinkyung.jpeg
Sulli†,Choi Jinri,최진리,,South Korea,female_idols/Sulli†_ChoiJinri.jpeg
Ashley,Ashley Choi,애슐리 최,Ladies' Code,South Korea,female_idols/Ashley_AshleyChoi.jpeg
Sojung,Lee Sojung,이소정,Ladies' Code,South Korea,female_idols/Sojung_LeeSojung.jpeg
Zuny,Kim Joomi,김주미,Ladies' Code,South Korea,female_idols/Zuny_KimJoomi.jpeg
Yunji,Lee Yunji,이윤지,Playback,South Korea,female_idols/Yunji_LeeYunji.png
Hayoung,Lee Hayoung,이하영,Playback,South Korea,female_idols/Hayoung_LeeHayoung.jpeg
Yujin,Seo Yoojin,소유진,Playback,South Korea,female_idols/Yujin_SeoYoojin.png
Woolim,Hwang Woolim,황우림,Playback,South Korea,female_idols/Woolim_HwangWoolim.png
Red,Lee Heejin,이희진,Pungdeng-E,South Korea,female_idols/Red_LeeHeejin.png
Yellow,Kim Eunbi,김은비,Pungdeng-E,South Korea,female_idols/Yellow_KimEunbi.png
Blue,Jung Gahee,정가희,Pungdeng-E,South Korea,female_idols/Blue_JungGahee.png
Jaekyung,Kim Jaekyung,김재경,Rainbow,South Korea,female_idols/Jaekyung_KimJaekyung.jpeg
Woori,Go Woori,고우리,Rainbow,South Korea,female_idols/Woori_GoWoori.jpeg
Seungah,Oh Seungah,오승아,Rainbow,South Korea,female_idols/Seungah_OhSeungah.jpeg
Noeul,No Eul,노을,Rainbow,South Korea,female_idols/Noeul_NoEul.jpeg
Yoonhye,Jung Yoonhye,정윤혜,Rainbow,South Korea,female_idols/Yoonhye_JungYoonhye.png
Jisook,Kim Jisook,김지숙,Rainbow,South Korea,female_idols/Jisook_KimJisook.jpeg
Hyunyoung,Cho Hyunyoung,조현영,Rainbow,South Korea,female_idols/Hyunyoung_ChoHyunyoung.webp
Vivi,Wong Viian,황가희,Loossemble,Hong Kong,female_idols/Vivi_WongViian.png
Minjae,Shin Minjae,신민재,Tahiti,South Korea,female_idols/Minjae_ShinMinjae.png
Miso,Park Miso,박미소,Tahiti,South Korea,female_idols/Miso_ParkMiso.png
Jerrry,Ahn Sohyun,안소현,Tahiti,South Korea,female_idols/Jerrry_AhnSohyun.jpeg
Jisoo,Shin Jisoo,신지수,Tahiti,South Korea,female_idols/Jisoo_ShinJisoo.jpeg
Ari,Kim Sunyoung,김선영,Tahiti,South Korea,female_idols/Ari_KimSunyoung.png
Sihyun,Park Sihyun,박시현,SPICA,South Korea,female_idols/Sihyun_ParkSihyun.webp
Boa,Kim Boah,김보아,KEEMBO,South Korea,female_idols/Boa_KimBoah.png
Narae,Park Narae,박나래,SPICA,South Korea,female_idols/Narae_ParkNarae.png
Jiwon,Yang Jiwon,양지원,UNI.T,South Korea,female_idols/Jiwon_YangJiwon.jpeg
Bohyung,Kim Bohyung,김보형,KEEMBO,South Korea,female_idols/Bohyung_KimBohyung.png
Gayoung,Kim Gayoung,김가영,Stellar,South Korea,female_idols/Gayoung_KimGayoung.png
Minhee,Joo Minhee,주민희,Stellar,South Korea,female_idols/Minhee_JooMinhee.jpeg
Hyeoeun,Lee Hyoeun,이효은,Stellar,South Korea,female_idols/Hyeoeun_LeeHyoeun.png
Jeonyul,Jeon Yuri,전유리,Stellar,South Korea,female_idols/Jeonyul_JeonYuri.png
Jiyou,Im Changsook,임창숙,Two X,South Korea,female_idols/Jiyou_ImChangsook.jpeg
Eun,Choi Eunmi,최은미,Two X,South Korea,female_idols/Eun_ChoiEunmi.png
Surin,Kim Surin,김수린,Two X,South Korea,female_idols/Surin_KimSurin.webp
Eunyoung,Joo Eunyoung,주은영,Two X,South Korea,female_idols/Eunyoung_JooEunyoung.png
Nari,Kim Nari,김나리,Wassup,South Korea,female_idols/Nari_KimNari.jpeg
Jiae,Kim Jiae,김지애,Wassup,South Korea,female_idols/Jiae_KimJiae.png
Sujin,Bang Sujin,방수진,Wassup,South Korea,female_idols/Sujin_BangSujin.png
Woojoo,Kim Woojoo,김우주,Wassup,South Korea,female_idols/Woojoo_KimWoojoo.png
Jinju,Park Jinju,박진주,,South Korea,female_idols/Jinju_ParkJinju.png
Dain,Song Jieun,송지은,,South Korea,female_idols/Dain_SongJieun.png
Nada,Yoon Yejin,윤예진,,South Korea,female_idols/Nada_YoonYejin.jpeg
Jueun,Lee Jooeun,이주은,DIA,South Korea,female_idols/Jueun_LeeJooeun.jpeg
Somyi,Ahn Somyi,안솜이,DIA,South Korea,female_idols/Somyi_AhnSomyi.jpeg
Daisy,Yoo Jeongahn,유정안,,South Korea,female_idols/Daisy_YooJeongahn.jpeg
Taeha,Kim Taeha,김태하,,South Korea,female_idols/Taeha_KimTaeha.png
Suyeon,Ji Suyeon,지수연,Weki Meki,South Korea,female_idols/Suyeon_JiSuyeon.webp
Elly,Jung Haerim,정해림,Weki Meki,South Korea,female_idols/Elly_JungHaerim.webp
Sei,Lee Seojung,이서정,Weki Meki,South Korea,female_idols/Sei_LeeSeojung.png
Lua,Kim Sookyung,김수경,Weki Meki,South Korea,female_idols/Lua_KimSookyung.png
Rina,Kang Soeun,강소은,Weki Meki,South Korea,female_idols/Rina_KangSoeun.png
Lucy,Noh Hyojung,노효정,Weki Meki,South Korea,female_idols/Lucy_NohHyojung.png
Kim Lip,Kim Jungeun,김정은,ARTMS,South Korea,female_idols/KimLip_KimJungeun.jpeg
JinSoul,Jung Jinsol,정진솔,ARTMS,South Korea,female_idols/JinSoul_JungJinsol.png
Choerry,Choi Yerim,최예림,ARTMS,South Korea,female_idols/Choerry_ChoiYerim.jpeg
Do-A,Choi Yuna,최윤아,ALICE,South Korea,female_idols/Do-A_ChoiYuna.jpeg
Yeonje,Yang Yeonje,양연제,ALICE,South Korea,female_idols/Yeonje_YangYeonje.jpeg
Yukyung,Lee Yukyung,이유경,ALICE,South Korea,female_idols/Yukyung_LeeYukyung.png
Sohee,Kim Sohee,김소희,ALICE,South Korea,female_idols/Sohee_KimSohee.jpeg
Karin,Min Karin,민가린,ALICE,South Korea,female_idols/Karin_MinKarin.png
Rui,Watanabe Rui,와타나베 루이,H.U.B,Japan,female_idols/Rui_WatanabeRui.png
Gracie,Kim Gaeun,김가운,H.U.B,South Korea,female_idols/Gracie_KimGaeun.webp
Yuem,Park Subin,박수빈,H.U.B,South Korea,female_idols/Yuem_ParkSubin.png
Hyosun,Lim Hyosun,임효선,H.U.B,South Korea,female_idols/Hyosun_LimHyosun.png
Keina,Lee Yoona,이유나,H.U.B,South Korea,female_idols/Keina_LeeYoona.webp
Hyunseo,Go Hyunseo,고현서,,South Korea,female_idols/Hyunseo_GoHyunseo.png
Shinyoung,Park Shinyoung,박신영,G-reyish,South Korea,female_idols/Shinyoung_ParkShinyoung.png
Yena,Jeong Yena,정예나,G-reyish,South Korea,female_idols/Yena_JeongYena.png
Yeso,Lee Yeso,이예소,G-reyish,South Korea,female_idols/Yeso_LeeYeso.png
Haeri,Jung Haeri,정해리,P.O.P,South Korea,female_idols/Haeri_JungHaeri.png
Ahyung,Kang Ahyoung,강아형,P.O.P,South Korea,female_idols/Ahyung_KangAhyoung.jpeg
Miso,Park Jihyun,박지현,P.O.P,South Korea,female_idols/Miso_ParkJihyun.png
Seol,Min Jihye,민지혜,P.O.P,South Korea,female_idols/Seol_MinJihye.jpeg
Yeonjoo,Song Yeonjoo,정연주,P.O.P,South Korea,female_idols/Yeonjoo_SongYeonjoo.jpeg
Yeonha,Ahn Yeonji,안연지,P.O.P,South Korea,female_idols/Yeonha_AhnYeonji.png
Heejin,Song Heejin,송희진,Good Day,South Korea,female_idols/Heejin_SongHeejin.webp
I.L,Kim Jiwon,김지원,IRRIS,South Korea,female_idols/I.L_KimJiwon.jpeg
Liv,Kim Chaeyoung,김채영,IRRIS,South Korea,female_idols/Liv_KimChaeyoung.png
Chaesol,Maeng Chaesol,맹채솔,Cignature,South Korea,female_idols/Chaesol_MaengChaesol.png
Yunseul,Hwang Nayoon,황나윤,IRRIS,South Korea,female_idols/Yunseul_HwangNayoon.png
Jeewon,Kim Jiwon,김지원,Cignature,South Korea,female_idols/Jeewon_KimJiwon.jpeg
Yeah,Kim Haeun,김하은,,South Korea,female_idols/Yeah_KimHaeun.jpeg
Sunn,Hwang Jiwon,황지원,,South Korea,female_idols/Sunn_HwangJiwon.png
Bomin,Kim Bomin,김보민,RedSquare,South Korea,female_idols/Bomin_KimBomin.jpeg
Belle,Jin Hyeonjoo,진현주,Cignature,South Korea,female_idols/Belle_JinHyeonjoo.jpeg
Jiyoung,Ahn Jiyoung,안지영,Bolbbalgan4,South Korea,female_idols/Jiyoung_AhnJiyoung.jpeg
Jiyoon,Woo Jiyoon,우지윤,Bolbbalgan4,South Korea,female_idols/Jiyoon_WooJiyoon.jpeg
Dayeon,Hwang Da Kyeon,황연경,XUM,South Korea,female_idols/Dayeon_HwangDaKyeon.png
Hajeong,Lee Hajeong,이하정,,South Korea,female_idols/Hajeong_LeeHajeong.png
Baekah,Kim Sua,김수아,XUM,South Korea,female_idols/Baekah_KimSua.jpeg
Arang,Son Mnjung,손민정,,South Korea,female_idols/Arang_SonMnjung.png
Iaan,Yoo Dongju,유동주,XUM,South Korea,female_idols/Iaan_YooDongju.png
Eunjin,Ma Eunjin,마은진,Playback,South Korea,female_idols/Eunjin_MaEunjin.png
Yves,Ha Sooyoung,하수영,,South Korea,female_idols/Yves_HaSooyoung.png
Haeyeon,Lee Taeyeon,이태연,Gate9,South Korea,female_idols/Haeyeon_LeeTaeyeon.jpeg
Yeori,Kim Soyeon,김소연,Gate9,South Korea,female_idols/Yeori_KimSoyeon.png
Haru,Han Sangsook,한상숙,Gate9,South Korea,female_idols/Haru_HanSangsook.png
Kady,Gu Dokyoung,구도경,Gate9,South Korea,female_idols/Kady_GuDokyoung.png
Gaga,Lee Soobin,이수빈,Gate9,South Korea,female_idols/Gaga_LeeSoobin.jpeg
Juju,Park Juyoung,박주영,Gate9,South Korea,female_idols/Juju_ParkJuyoung.jpeg
Taera,Lee Yujin,이유진,Gate9,South Korea,female_idols/Taera_LeeYujin.png
Yoon,Ji Hayoon,지하윤,Gate9,South Korea,female_idols/Yoon_JiHayoon.jpeg
Vivian,Park Sunghee,박성희,Gate9,South Korea,female_idols/Vivian_ParkSunghee.png
Chuu,Kim Jiwoo,김지우,,South Korea,female_idols/Chuu_KimJiwoo.jpeg
Gowon,Park Chaewon,박채원,Loossemble,South Korea,female_idols/Gowon_ParkChaewon.jpeg
Saerom,Lee Saerom,이새롬,fromis_9,South Korea,female_idols/Saerom_LeeSaerom.jpeg
Hayoung,Song Hayoung,송하영,fromis_9,South Korea,female_idols/Hayoung_SongHayoung.jpeg
Gyuri,Jang Gyuri,장규리,,South Korea,female_idols/Gyuri_JangGyuri.jpeg
Jiwon,Park Jiwon,박지원,fromis_9,South Korea,female_idols/Jiwon_ParkJiwon.png
Jisun,Roh Jisun,노지선,fromis_9,South Korea,female_idols/Jisun_RohJisun.jpeg
Seoyeon,Lee Seoyeon,이서연,fromis_9,South Korea,female_idols/Seoyeon_LeeSeoyeon.png
Chaeyoung,Lee Chaeyoung,이채영,fromis_9,South Korea,female_idols/Chaeyoung_LeeChaeyoung.jpeg
Nakyung,Lee Nakyung,이나경,fromis_9,South Korea,female_idols/Nakyung_LeeNakyung.jpeg
Jiheon,Baek Jiheon,백지헌,fromis_9,South Korea,female_idols/Jiheon_BaekJiheon.jpeg
Xeheun,Lee Seheun,이세흔,Girlkind,South Korea,female_idols/Xeheun_LeeSeheun.jpeg
Medic Jin,Bae Yujin,배유진,Girlkind,South Korea,female_idols/MedicJin_BaeYujin.jpeg
JK,Kim Jikang,김지강,Girlkind,South Korea,female_idols/JK_KimJikang.jpeg
Sun J,Jeon Heesun,전희선,Girlkind,South Korea,female_idols/SunJ_JeonHeesun.png
Ellyn,Bang Sunhee,방선희,Girlkind,South Korea,female_idols/Ellyn_BangSunhee.png
Haena,Lee Haena,이해나,Matilda,South Korea,female_idols/Haena_LeeHaena.png
Dan-a,Park Seungyeon,박승연,Matilda,South Korea,female_idols/Dan-a_ParkSeungyeon.webp
Semmi,Oh Heesun,오희선,Matilda,South Korea,female_idols/Semmi_OhHeesun.jpeg
Saebyeol,Han Saebyeol,한새별,Matilda,South Korea,female_idols/Saebyeol_HanSaebyeol.webp
Yua,Mikami Yua,미카미 유아,Honey Popcorn,Japan,female_idols/Yua_MikamiYua.png
Miko,Matsuda Miko,마츠다 미코,Honey Popcorn,Japan,female_idols/Miko_MatsudaMiko.jpeg
Moko,Sakura Moko,사쿠라 모코,Honey Popcorn,Japan,female_idols/Moko_SakuraMoko.jpeg
Hyeju,Son Hyeju,손혜주,Loossemble,South Korea,female_idols/Hyeju_SonHyeju.png
Kriesha Chu,Kriesha Ziskind Teo Tiu,크리샤 지스킨드 테오 티우,,Philippines,female_idols/KrieshaChu_KrieshaZiskindTeoTiu.jpeg
JOO,Jung Minjoo,정민주,,South Korea,female_idols/JOO_JungMinjoo.png
Miyeon,Jo Miyeon,조미연,(G)I-DLE,South Korea,female_idols/Miyeon_JoMiyeon.jpeg
Minnie,Nicha Yontararak,니차 욘타라락,(G)I-DLE,Thailand,female_idols/Minnie_NichaYontararak.jpeg
Soyeon,Jeon Soyeon,전소연,(G)I-DLE,South Korea,female_idols/Soyeon_JeonSoyeon.jpeg
Soojin,Seo Soojin,서수진,,South Korea,female_idols/Soojin_SeoSoojin.png
Yuqi,Song Yuqi,송우기,(G)I-DLE,China,female_idols/Yuqi_SongYuqi.jpeg
Shuhua,Yeh Shuhua,예슈화,(G)I-DLE,Taiwan,female_idols/Shuhua_YehShuhua.jpeg
NC.A,Im Soeun,임소은,UNI.T,South Korea,female_idols/NC.A_ImSoeun.jpeg
Suji,Lee Suji,이수지,UNI.T,South Korea,female_idols/Suji_LeeSuji.jpeg
Yoonjo,Shin Yoonjo,신윤조,UNI.T,South Korea,female_idols/Yoonjo_ShinYoonjo.jpeg
May,Jeong Chaeyoung,정채영,,South Korea,female_idols/May_JeongChaeyoung.jpeg
Terry,Han Dasom,한다솜,,South Korea,female_idols/Terry_HanDasom.png
Minji,Kim Minji,김민지,Busters,South Korea,female_idols/Minji_KimMinji.jpeg
Minjung,Cha Minjung,차민정,,South Korea,female_idols/Minjung_ChaMinjung.png
Jisoo,Jung Jisoo,정지수,Busters,South Korea,female_idols/Jisoo_JungJisoo.png
Chaeyeon,Kim Chaeyeon,김채연,tripleS,South Korea,female_idols/Chaeyeon_KimChaeyeon.jpeg
Hyungseo,Myeong Hyeongseo,명형서,CLASS:y,South Korea,female_idols/Hyungseo_MyeongHyeongseo.png
Eunjin,Moon Eunjin,문은진,Highteen,South Korea,female_idols/Eunjin_MoonEunjin.png
Hyejoo,Park Hyunjoo,박현주,Highteen,South Korea,female_idols/Hyejoo_ParkHyunjoo.png
Hyebin,Im Hyebin,임혜빈,Highteen,South Korea,female_idols/Hyebin_ImHyebin.png
Sea,Kim Sujeong,김수정,Highteen,South Korea,female_idols/Sea_KimSujeong.png
Miya,Miyauchi Haruka,미야우치 하루카,GWSN,Japan,female_idols/Miya_MiyauchiHaruka.jpeg
Seokyoung,Kim Seokyung,김서경,GWSN,South Korea,female_idols/Seokyoung_KimSeokyung.jpeg
Seoryoung,Lee Seoryung,이서령,GWSN,South Korea,female_idols/Seoryoung_LeeSeoryung.jpeg
Anne,Lee Seoyoung,이서영,GWSN,South Korea,female_idols/Anne_LeeSeoyoung.jpeg
Minju,Kang Minjoo,강민주,GWSN,South Korea,female_idols/Minju_KangMinjoo.png
Soso,Wang Chingyi,왕징이,GWSN,Taiwan,female_idols/Soso_WangChingyi.jpeg
Lena,Kang Rena,강레나,GWSN,South Korea,female_idols/Lena_KangRena.jpeg
Saebom,Kim Saerok,김새록,NATURE,South Korea,female_idols/Saebom_KimSaerok.jpeg
Aurora,Yang Lan,양안,NATURE,China,female_idols/Aurora_YangLan.jpeg
Lu,Im Hayoung,임하영,NATURE,South Korea,female_idols/Lu_ImHayoung.webp
Chaebin,Choi Yoobin,최유빈,NATURE,South Korea,female_idols/Chaebin_ChoiYoobin.png
Gaga,Li Jia Jia,리 지아 지아,,China,female_idols/Gaga_LiJiaJia.jpeg
Haru,Abe Haruno,아베 하루노,NATURE,Japan,female_idols/Haru_AbeHaruno.png
Uchae,Yu Hyejun,유혜준,NATURE,South Korea,female_idols/Uchae_YuHyejun.png
Sunshine,Kim Minjung,김민정,NATURE,South Korea,female_idols/Sunshine_KimMinjung.png
Jisun,Hwang Jisun,황지선,S#aFLA,South Korea,female_idols/Jisun_HwangJisun.png
Suhyeon,Kim Seunghyun,김승현,S#aFLA,South Korea,female_idols/Suhyeon_KimSeunghyun.jpeg
Seulgi,Jeong Seulgi,정슬기,S#aFLA,South Korea,female_idols/Seulgi_JeongSeulgi.jpeg
Yujin,Jeong Yujin,정유진,S#aFLA,South Korea,female_idols/Yujin_JeongYujin.png
Eunbi,Kwon Eunbi,권은비,IZ*ONE,South Korea,female_idols/Eunbi_KwonEunbi.jpeg
Sakura,Miyawaki Sakura,미야와키 사쿠라,LE SSERAFIM,Japan,female_idols/Sakura_MiyawakiSakura.jpeg
Hyewon,Kang Hyewon,강혜원,IZ*ONE,South Korea,female_idols/Hyewon_KangHyewon.jpeg
Yena,Choi Yena,최예나,IZ*ONE,South Korea,female_idols/Yena_ChoiYena.jpeg
Chaeyeon,Lee Chaeyeon,이채연,IZ*ONE,South Korea,female_idols/Chaeyeon_LeeChaeyeon.jpeg
Chaewon,Kim Chaewon,김채원,LE SSERAFIM,South Korea,female_idols/Chaewon_KimChaewon.jpeg
Minjoo,Kim Minjoo,김민주,IZ*ONE,South Korea,female_idols/Minjoo_KimMinjoo.jpeg
Nako,Yabuki Nako,야부키 나코,IZ*ONE,Japan,female_idols/Nako_YabukiNako.png
Hitomi,Honda Hitomi,혼다 히토미,IZ*ONE,Japan,female_idols/Hitomi_HondaHitomi.png
Yuri,Jo Yuri,조유리,IZ*ONE,South Korea,female_idols/Yuri_JoYuri.jpeg
Yujin,Ahn Yujin,안유진,IVE,South Korea,female_idols/Yujin_AhnYujin.jpeg
Wonyoung,Jang Wonyoung,장원영,IVE,South Korea,female_idols/Wonyoung_JangWonyoung.jpeg
Haeyoon,Park Haeyoon,박해윤,Cherry Bullet,South Korea,female_idols/Haeyoon_ParkHaeyoon.jpeg
Yuju,Choi Yuju,최유주,Cherry Bullet,South Korea,female_idols/Yuju_ChoiYuju.jpeg
Ella,Kim Kyungjoo,김경주,,South Korea,female_idols/Ella_KimKyungjoo.jpeg
Bora,Kim Bora,김보라,Cherry Bullet,South Korea,female_idols/Bora_KimBora.jpeg
Jiwon,Heo Jiwon,허지원,Cherry Bullet,South Korea,female_idols/Jiwon_HeoJiwon.jpeg
Kokoro,Kato Kokoro,카토 코코로,,Japan,female_idols/Kokoro_KatoKokoro.jpeg
Remi,Katsuno Rise,카츠노 리세,Cherry Bullet,Japan,female_idols/Remi_KatsunoRise.jpeg
Chaerin,Park Chaerin,박채린,Cherry Bullet,South Korea,female_idols/Chaerin_ParkChaerin.jpeg
May,Hirokawa Mao,히로카와 마오,Cherry Bullet,Japan,female_idols/May_HirokawaMao.png
Lin Lin,Huang Ziting,황자정,,Taiwan,female_idols/LinLin_HuangZiting.png
Yerim,Jeong Yerim,정예림,Purplebeck,South Korea,female_idols/Yerim_JeongYerim.png
Yeowool,Ha Yeowool,하여울,Purplebeck,South Korea,female_idols/Yeowool_HaYeowool.png
Layeon,Lee Jimin,이지민,Purplebeck,South Korea,female_idols/Layeon_LeeJimin.png
Mini,,,Purplebeck,South Korea,female_idols/Mini_.png
Seyeon,Park Seyeon,박세연,Purplebeck,South Korea,female_idols/Seyeon_ParkSeyeon.png
Yeji,Hwang Yeji,황예지,ITZY,South Korea,female_idols/Yeji_HwangYeji.jpg
Lia,Choi Jisu,최지수,ITZY,South Korea,female_idols/Lia_ChoiJisu.jpeg
Ryujin,Shin Ryujin,신류진,ITZY,South Korea,female_idols/Ryujin_ShinRyujin.jpeg
Chaeryeong,Lee Chaeryeong,이채령,ITZY,South Korea,female_idols/Chaeryeong_LeeChaeryeong.jpg
Yuna,Shin Yuna,신유나,ITZY,South Korea,female_idols/Yuna_ShinYuna.png
Youi,Kim Jihyeo,유아이,Dreamnote,South Korea,female_idols/Youi_KimJihyeo.png
Boni,Choi Euijeong,최의정,Dreamnote,South Korea,female_idols/Boni_ChoiEuijeong.jpeg
Lara,Moon Shinae,문신애,Dreamnote,South Korea,female_idols/Lara_MoonShinae.jpeg
Miso,Jeon Jimin,전지민,Dreamnote,South Korea,female_idols/Miso_JeonJimin.webp
Sumin,Park Sumin,박수민,Dreamnote,South Korea,female_idols/Sumin_ParkSumin.jpeg
Eunjo,Park Eunjo,박은조,Dreamnote,South Korea,female_idols/Eunjo_ParkEunjo.png
Habin,Yoo Habin,유하빈,,South Korea,female_idols/Habin_YooHabin.png
Hanbyeol,Ahn Hanbyeol,안한별,,South Korea,female_idols/Hanbyeol_AhnHanbyeol.png
Gaeul,Park Gaeul,박가을,Favorite,South Korea,female_idols/Gaeul_ParkGaeul.png
Saebom,Kim Seyoung,김세영,Favorite,South Korea,female_idols/Saebom_KimSeyoung.png
Seoyeon,Kim Minju,김민주,Favorite,South Korea,female_idols/Seoyeon_KimMinju.png
Sugyeong,Jo Sugyeong,조수경,Favorite,South Korea,female_idols/Sugyeong_JoSugyeong.png
Jeonghee,Go Jeonghee,고정희,Favorite,South Korea,female_idols/Jeonghee_GoJeonghee.png
Ahra,Go Ahra,고아라,Favorite,South Korea,female_idols/Ahra_GoAhra.png
Dohee,Yoon Dohee,윤도희,,South Korea,female_idols/Dohee_YoonDohee.png
E:U,Park Jiwon,박지원,Everglow,South Korea,female_idols/E:U_ParkJiwon.jpeg
Sihyeon,Kim Sihyeon,김시현,Everglow,South Korea,female_idols/Sihyeon_KimSihyeon.jpeg
Mia,Han Eunji,한은지,Everglow,South Korea,female_idols/Mia_HanEunji.jpeg
Onda,Jo Selim,조세림,Everglow,South Korea,female_idols/Onda_JoSelim.png
Aisha,Heo Yoorim,허유림,Everglow,South Korea,female_idols/Aisha_HeoYoorim.png
Yiren,Wang Yiren,왕이런,Everglow,China,female_idols/Yiren_WangYiren.png
Hyunji,Kim Hyunji,김현지,Hashtag,South Korea,female_idols/Hyunji_KimHyunji.png
Sua,Yang Sua,양수아,Hashtag,South Korea,female_idols/Sua_YangSua.png
Dajeong,Kim Dajeong,김다정,Hashtag,South Korea,female_idols/Dajeong_KimDajeong.png
Seungmin,Lee Seungmin,이승민,Hashtag,South Korea,female_idols/Seungmin_LeeSeungmin.png
Subin,Oh Subin,오수빈,Hashtag,South Korea,female_idols/Subin_OhSubin.png
Sojin,Hong Sojin,홍소진,Hashtag,South Korea,female_idols/Sojin_HongSojin.png
Aeji,Kwon Aeji,권애지,Hashtag,South Korea,female_idols/Aeji_KwonAeji.png
Yiyeon,Jung Dasol,정다솔,BVNDIT,South Korea,female_idols/Yiyeon_JungDasol.jpeg
Songhee,Yoon Songhee,윤송희,BVNDIT,South Korea,female_idols/Songhee_YoonSonghee.png
Jungwoo,Uhm Jungwoo,엄정우,BVNDIT,South Korea,female_idols/Jungwoo_UhmJungwoo.jpeg
Simyeong,Lee Simyeong,이시명,BVNDIT,South Korea,female_idols/Simyeong_LeeSimyeong.jpeg
Seungeun,Shim Seungeun,심승은,BVNDIT,South Korea,female_idols/Seungeun_ShimSeungeun.jpeg
Cheongeum,Jang Cheongeum,장청음,Ho1iday,South Korea,female_idols/Cheongeum_JangCheongeum.png
Saebyeok,Shim Jaeyoung,심재영,Ho1iday,South Korea,female_idols/Saebyeok_ShimJaeyoung.png
Heejoo,Jeon Heejoo,전희주,Ho1iday,South Korea,female_idols/Heejoo_JeonHeejoo.png
Haru,Lee Yoojeong,이유정,Ho1iday,South Korea,female_idols/Haru_LeeYoojeong.jpeg
Dany,Jeon Eunji,전은지,Ho1iday,South Korea,female_idols/Dany_JeonEunji.png
Yoonji,,,Lusty,South Korea,female_idols/Yoonji_.png
Harin,,,Lusty,South Korea,female_idols/Harin_.webp
Jinhui,,,Lusty,South Korea,female_idols/Jinhui_.png
Isol,,,Lusty,South Korea,female_idols/Isol_.png
Yeryung,,,Lusty,South Korea,female_idols/Yeryung_.png
Juri,Takahashi Juri,타카하시 쥬리,Rocket Punch,Japan,female_idols/Juri_TakahashiJuri.png
Yeonhee,Kim Yeonhee,김연희,Rocket Punch,South Korea,female_idols/Yeonhee_KimYeonhee.jpeg
Suyun,Kim Suyun,김수윤,Rocket Punch,South Korea,female_idols/Suyun_KimSuyun.jpeg
Yunkyung,Seo Yunkyung,서윤경,Rocket Punch,South Korea,female_idols/Yunkyung_SeoYunkyung.jpeg
Sohee,Kim Sohee,김소희,Rocket Punch,South Korea,female_idols/Sohee_KimSohee.jpeg
Dahyun,Jeong Dahyun,정다현,Rocket Punch,South Korea,female_idols/Dahyun_JeongDahyun.jpeg
Yeseo,Kang Yeseo,강예서,Kep1er,South Korea,female_idols/Yeseo_KangYeseo.jpeg
Aini,Kim Heejung,김희정,,South Korea,female_idols/Aini_KimHeejung.png
Seea,Kang Eunyoung,강은영,Pink Fantasy,South Korea,female_idols/Seea_KangEunyoung.png
Yechan,Kim Yechan,김예찬,Pink Fantasy,South Korea,female_idols/Yechan_KimYechan.jpeg
Daewang Nim,Daewang Nim,대왕님,Pink Fantasy,South Korea,female_idols/DaewangNim_DaewangNim.jpeg
Sanga,Lee Sanga,이상아,,South Korea,female_idols/Sanga_LeeSanga.png
Yubin,Cho Yubin,조유빈,,South Korea,female_idols/Yubin_ChoYubin.jpeg
Harin,Park Guenhye,박근혜,Pink Fantasy,South Korea,female_idols/Harin_ParkGuenhye.png
Arang,Park Yerim,박예림,Pink Fantasy,South Korea,female_idols/Arang_ParkYerim.png
Heesun,Park Heesun,박희선,Pink Fantasy,South Korea,female_idols/Heesun_ParkHeesun.jpeg
Lina,Oh Sejin,오세진,ANS,South Korea,female_idols/Lina_OhSejin.png
Royeon,Jeon Hyunjoo,	 전현주,ANS,South Korea,female_idols/Royeon_JeonHyunjoo.png
Dalyn,Lee Sohyun,이소현,ANS,South Korea,female_idols/Dalyn_LeeSohyun.png
Raon,Lee Seoyoung,이서영,ANS,South Korea,female_idols/Raon_LeeSeoyoung.png
Bian,Yu Jiwon,유지원,MAJORS,South Korea,female_idols/Bian_YuJiwon.webp
Dami,Hong Dayoung,홍다영,ANS,South Korea,female_idols/Dami_HongDayoung.png
Doi,Kim Doi,김도이,FANATICS,South Korea,female_idols/Doi_KimDoi.webp
Sika,Ren Shika,렌 시카,,China,female_idols/Sika_RenShika.png
Chaelin,Lee Chaelin,이채린,FANATICS,South Korea,female_idols/Chaelin_LeeChaelin.png
Chiayi,Li Chiayi,지아이,FANATICS,Taiwan,female_idols/Chiayi_LiChiayi.png
Yoonhye,Jung Yoonhye,정윤혜,FANATICS,South Korea,female_idols/Yoonhye_JungYoonhye.png
Doah,Kim Doah,김도아,FANATICS,South Korea,female_idols/Doah_KimDoah.jpeg
Loha,Kang Yejin,강예진,Nature,South Korea,female_idols/Loha_KangYejin.webp
Yunji,Kim Yunji,김윤지,ARIAZ,South Korea,female_idols/Yunji_KimYunji.jpeg
Dawon,Lee Dawon,이다원,ARIAZ,South Korea,female_idols/Dawon_LeeDawon.jpeg
Sihyeon,Kang Sihyeon,강시현,ARIAZ,South Korea,female_idols/Sihyeon_KangSihyeon.jpeg
Yeori,Choi Yeori,최여리,ARIAZ,South Korea,female_idols/Yeori_ChoiYeori.png
Hyogyeong,Jang Hyogyeong,장효경,ARIAZ,South Korea,female_idols/Hyogyeong_JangHyogyeong.png
Jueun,Jo Jueun,조주은,ARIAZ,South Korea,female_idols/Jueun_JoJueun.png
Yurim,Park Yurim,박유림,3YE,South Korea,female_idols/Yurim_ParkYurim.png
Yuji,Son Yuji,손유지,3YE,South Korea,female_idols/Yuji_SonYuji.jpeg
Haeun,Yoon Haeun,윤하은,3YE,South Korea,female_idols/Haeun_YoonHaeun.jpeg
J,Lee Yeji,이예지,ANS,South Korea,female_idols/J_LeeYeji.jpeg
Haena,Jeon Eunbi,전은비,ANS,South Korea,female_idols/Haena_JeonEunbi.png
Kiara,Baek Jinjoo,백진주,,South Korea,female_idols/Kiara_BaekJinjoo.webp
Semi,Gu Semi,구세미,Cignature,South Korea,female_idols/Semi_GuSemi.png
Seline,Jung Yeonjeong,정연정,Cignature,South Korea,female_idols/Seline_JungYeonjeong.png
Bada,Kim Bada,김바다,Hinapia,South Korea,female_idols/Bada_KimBada.png
AleXa,Kim Seri,김세리,,USA,female_idols/AleXa_KimSeri.jpeg
Della,Park Sehyun,박세현,Rockit Girl,South Korea,female_idols/Della_ParkSehyun.jpeg
Han Leeseul,Han Jiyoon,한지윤,Rockit Girl,South Korea,female_idols/HanLeeseul_HanJiyoon.webp
BIBI,Kim Hyungseo,김형서,,South Korea,female_idols/BIBI_KimHyungseo.png
Woo-ah,Kim Chaewon,김채원,CRAXY,South Korea,female_idols/Woo-ah_KimChaewon.png
Karin,Baek Yerin,백예린,CRAXY,South Korea,female_idols/Karin_BaekYerin.png
Hyejin,Kang Hyejin,강혜진,CRAXY,South Korea,female_idols/Hyejin_KangHyejin.png
Swan,Kim Suan,김수안,CRAXY,South Korea,female_idols/Swan_KimSuan.png
ChaeY,Song Chaeyeon,송채연,CRAXY,South Korea,female_idols/ChaeY_SongChaeyeon.png
Lina,Oh Hyesoo,오혜수,RedSquare,South Korea,female_idols/Lina_OhHyesoo.png
Nana,Kwon Nayeon,권나연,woo!ah!,South Korea,female_idols/Nana_KwonNayeon.jpeg
Wooyeon,Park Jinkyung,박진경,woo!ah!,South Korea,female_idols/Wooyeon_ParkJinkyung.png
Sora,Sakata Sora,사카타 소라,woo!ah!,Japan,female_idols/Sora_SakataSora.png
Lucy,Kim Daeun,김대은,woo!ah!,South Korea,female_idols/Lucy_KimDaeun.jpeg
Minseo,Kim Minseo,김민서,woo!ah!,South Korea,female_idols/Minseo_KimMinseo.jpeg
Songyee,Park Songyee,박송이,,South Korea,female_idols/Songyee_ParkSongyee.png
Lea,Ogawa Mizuki,오가와 미즈키,SECRET NUMBER,Japan,female_idols/Lea_OgawaMizuki.jpeg
Dita,Dita Karang,디타 가랑,SECRET NUMBER,Indonesia,female_idols/Dita_DitaKarang.jpeg
Jinny,Park Jinhee,박진희,SECRET NUMBER,South Korea,female_idols/Jinny_ParkJinhee.jpeg
Soodam,Lee Soodam,이수담,SECRET NUMBER,South Korea,female_idols/Soodam_LeeSoodam.jpeg
Denise,Kim Denise,김데니스,,South Korea,female_idols/Denise_KimDenise.png
Soojin,Lee Soojin,이수진,Weeekly,South Korea,female_idols/Soojin_LeeSoojin.jpeg
Jiyoon,Shin Jiyoon,신지윤,,South Korea,female_idols/Jiyoon_ShinJiyoon.jpeg
Monday,Kim Jimin,김지민 ,Weeekly,South Korea,female_idols/Monday_KimJimin.jpeg
Soeun,Park Soeun,박소은,Weeekly,South Korea,female_idols/Soeun_ParkSoeun.jpeg
Jaehee,Lee Jaehee,이재희 ,Weeekly,South Korea,female_idols/Jaehee_LeeJaehee.jpeg
Jihan,Han Jihyo,한지효 ,Weeekly,South Korea,female_idols/Jihan_HanJihyo.jpeg
Zoa,Cho Hyewon,조혜원,Weeekly,South Korea,female_idols/Zoa_ChoHyewon.jpeg
Areum,Kim Daun,김다운,AREAL,South Korea,female_idols/Areum_KimDaun.png
Hyebin,Kim Hyebin,김혜빈,AREAL,South Korea,female_idols/Hyebin_KimHyebin.jpeg
Segye,Shin Segye,신세계 ,AREAL,South Korea,female_idols/Segye_ShinSegye.jpeg
Dabi,Park Jiwon,박지원,AREAL,South Korea,female_idols/Dabi_ParkJiwon.jpeg
Eyedi,Nam Yujin,남유진,,South Korea,female_idols/Eyedi_NamYujin.png
Haneul,Choi Haneul,최하늘,Saturday,South Korea,female_idols/Haneul_ChoiHaneul.png
Juyeon,Lee Juyeon,이주연,Saturday,South Korea,female_idols/Juyeon_LeeJuyeon.webp
Yuki,Lim Jiyeon,임지연,Saturday,South Korea,female_idols/Yuki_LimJiyeon.jpeg
Ayeon,Son Minji,손민지,Saturday,South Korea,female_idols/Ayeon_SonMinji.png
Minseo,Park Minseo,박민서,Saturday,South Korea,female_idols/Minseo_ParkMinseo.jpeg
Jieun,Park Jieun,박지은,,South Korea,female_idols/Jieun_ParkJieun.jpeg
Goeun,Na Goeun,나고은 ,Purple Kiss,South Korea,female_idols/Goeun_NaGoeun.jpeg
Dosie,Jang Eunseung,장은성 ,Purple Kiss,South Korea,female_idols/Dosie_JangEunseung.jpeg
Ireh,Cho Seoyoung,조서영,Purple Kiss,South Korea,female_idols/Ireh_ChoSeoyoung.jpeg
Yuki,Mori Koyuki,모리 코유키,Purple Kiss,Japan,female_idols/Yuki_MoriKoyuki.jpeg
Chaein,Lee Chaeyoung,이채영,Purple Kiss,South Korea,female_idols/Chaein_LeeChaeyoung.jpeg
Swan,Park Soojin,박수진,Purple Kiss,South Korea,female_idols/Swan_ParkSoojin.jpeg
EunB,Shin Eunbi,신은비,Maka Maka,South Korea,female_idols/EunB_ShinEunbi.jpeg
Heesu,Kim Heesu,김희수,Maka Maka,South Korea,female_idols/Heesu_KimHeesu.jpeg
Daseul,Yang Daseul,양다슬,Maka Maka,South Korea,female_idols/Daseul_YangDaseul.jpeg
Chaewon,Lee Chaewon,이채원,Maka Maka,South Korea,female_idols/Chaewon_LeeChaewon.png
Dia,Kwak Minnyeong,곽민녕,Maka Maka,South Korea,female_idols/Dia_KwakMinnyeong.jpeg
EunB,Byun Eunbi,변은비,PRECIOUS,South Korea,female_idols/EunB_ByunEunbi.png
Jihyo,Lee Jihyo,이지효,PRECIOUS,South Korea,female_idols/Jihyo_LeeJihyo.png
Hanwoom,Byun Hanwoom,변한움,PRECIOUS,South Korea,female_idols/Hanwoom_ByunHanwoom.jpeg
Lee Soo,Jin Isoo,진이수,PRECIOUS,South Korea,female_idols/LeeSoo_JinIsoo.png
Hanbyul,Kyung Hanbyul,경한별,PRECIOUS,South Korea,female_idols/Hanbyul_KyungHanbyul.png
Seoyoon,Kim Suyoung,김수영,BOTOPASS,South Korea,female_idols/Seoyoon_KimSuyoung.png
Cui Xiang,Cui Xiang,최상,BOTOPASS,China,female_idols/CuiXiang_CuiXiang.png
Jiwon,Park Jiwon,박지원,BOTOPASS,South Korea,female_idols/Jiwon_ParkJiwon.png
Ria,Kuwayama Ria,쿠와야마 리아,BOTOPASS,Japan,female_idols/Ria_KuwayamaRia.jpeg
Mihee,Lee Mihee,이미희,BOTOPASS,South Korea,female_idols/Mihee_LeeMihee.png
Harin,Seo Harin,서하린,BOTOPASS,South Korea,female_idols/Harin_SeoHarin.png
Shiho,Kwon Subin,권수빈,BOTOPASS,South Korea,female_idols/Shiho_KwonSubin.png
Ahyoon,Choi Subin,최수빈,BOTOPASS,South Korea,female_idols/Ahyoon_ChoiSubin.jpeg
Eseo,Noh Hyunjung,노현정,LUNARSOLAR,South Korea,female_idols/Eseo_NohHyunjung.jpeg
Taeryeong,Lim Jeongmin,임정민,LUNARSOLAR,South Korea,female_idols/Taeryeong_LimJeongmin.jpeg
Jian,Kwon Jieun,권지은,LUNARSOLAR,South Korea,female_idols/Jian_KwonJieun.jpeg
Yuuri,Tokunaga Yuuri,도쿠나가 유우리,LUNARSOLAR,Japan,female_idols/Yuuri_TokunagaYuuri.png
Sieun,Lee Sieun,이시은 ,CHECKMATE,South Korea,female_idols/Sieun_LeeSieun.png
Suri,Kang Suri,강수리,CHECKMATE,South Korea,female_idols/Suri_KangSuri.png
Karina,Yoo Jimin,유지민,aespa,South Korea,female_idols/Karina_YooJimin.jpeg
Giselle,Uchinaga Aeri,우치나가 애리,aespa,Japan,female_idols/Giselle_UchinagaAeri.png
Winter,Kim Minjung,김민정,aespa,South Korea,female_idols/Winter_KimMinjung.jpeg
Ningning,Ning Yizhuo,닝이쭤,aespa,China,female_idols/Ningning_NingYizhuo.jpeg
Juhyun,Cha Juhyun,차주현,Bling Bling,South Korea,female_idols/Juhyun_ChaJuhyun.png
Ayamy,Suzuki Ayami,스즈키 아야미,Bling Bling,Japan,female_idols/Ayamy_SuzukiAyami.png
Jieun,Choi Jieun,최지은,Bling Bling,South Korea,female_idols/Jieun_ChoiJieun.png
Marin,Yasufuku Marin,야스후쿠 마린,Bling Bling,Japan,female_idols/Marin_YasufukuMarin.png
Narin,Lee Narin,이나린,Bling Bling,South Korea,female_idols/Narin_LeeNarin.png
Yubin,Kim Yubin,김유빈,Bling Bling,South Korea,female_idols/Yubin_KimYubin.png
Sumin,Bae Sumin,배수민,STAYC,South Korea,female_idols/Sumin_BaeSumin.png
Sieun,Park Sieun,박시은,STAYC,South Korea,female_idols/Sieun_ParkSieun.jpeg
Isa,Lee Chaeyoung,이채영,STAYC,South Korea,female_idols/Isa_LeeChaeyoung.png
Seeun,Yoon Seeun,윤세은,STAYC,South Korea,female_idols/Seeun_YoonSeeun.png
Yoon,Shim Jayoon,심자윤,STAYC,South Korea,female_idols/Yoon_ShimJayoon.png
J,Jang Yeeun,장예은,STAYC,South Korea,female_idols/J_JangYeeun.png
SongSun,Kim Songsun,김송선,TRI.BE,South Korea,female_idols/SongSun_KimSongsun.jpeg
Kelly,Lin Kelly,린 켈리,TRI.BE,Taiwan,female_idols/Kelly_LinKelly.png
Jinha,Kim Jinha,김진하,TRI.BE,South Korea,female_idols/Jinha_KimJinha.jpeg
Hyunbin,Kim Hyunbin,김현빈‬,TRI.BE,South Korea,female_idols/Hyunbin_KimHyunbin.jpeg
Jia,Guo Jiajia,궈 지아지아,TRI.BE,China,female_idols/Jia_GuoJiajia.jpeg
Soeun,Bang Soeun,방소은,TRI.BE,South Korea,female_idols/Soeun_BangSoeun.jpeg
Mire,Su Mire,수미레,TRI.BE,Japan,female_idols/Mire_SuMire.webp
Lola,Choi Yoojung,최유정,Pixy,South Korea,female_idols/Lola_ChoiYoojung.png
Satbyeol,Jeon Yujin,전유진,,South Korea,female_idols/Satbyeol_JeonYujin.jpeg
Dia,Choi Eunji,최은지,Pixy,South Korea,female_idols/Dia_ChoiEunji.png
Sua,Choi Sooah,최수아,Pixy,South Korea,female_idols/Sua_ChoiSooah.png
Dajeong,Jung Dajeong,정다정,Pixy,South Korea,female_idols/Dajeong_JungDajeong.png
Sangah,Yoo Sangah,윤상아,LIGHTSUM,South Korea,female_idols/Sangah_YooSangah.jpeg
Chowon,Han Chowon,한초원,LIGHTSUM,South Korea,female_idols/Chowon_HanChowon.jpeg
Nayoung,Kim Nayoung,김나영,LIGHTSUM,South Korea,female_idols/Nayoung_KimNayoung.jpeg
Hina,Nagai Hina,나가이 히나,LIGHTSUM,Japan,female_idols/Hina_NagaiHina.jpeg
Juhyeon,Lee Juhyeon,이주현,LIGHTSUM,South Korea,female_idols/Juhyeon_LeeJuhyeon.jpeg
Yujeong,Lee Yujeong,이유정,LIGHTSUM,South Korea,female_idols/Yujeong_LeeYujeong.jpeg
Huiyeon,Oh Huiyeon,오휘연,,South Korea,female_idols/Huiyeon_OhHuiyeon.png
Jian,Kim Jian,김지안,,South Korea,female_idols/Jian_KimJian.png
Ida,Ko Chaeyoung,고채영,MAJORS,South Korea,female_idols/Ida_KoChaeyoung.png
Vita,Kim Jimin,김지민,MAJORS,South Korea,female_idols/Vita_KimJimin.png
Aki,Jang Minju,장민주,MAJORS,South Korea,female_idols/Aki_JangMinju.png
Suzy,Kim Suji,김수지,MAJORS,South Korea,female_idols/Suzy_KimSuji.png
Shinye,Kam Yerim,감예림,MAJORS,South Korea,female_idols/Shinye_KamYerim.png
Mayna,Simone Shaoxi Mengna,시몬느 샤오시 멍나,HOT ISSUE,China,female_idols/Mayna_SimoneShaoxiMengna.webp
Nahyun,Kang Nahyun,강나현,PRIMROSE,South Korea,female_idols/Nahyun_KangNahyun.png
Hyeongshin,Kim Hyungshin,김형신,HOT ISSUE,South Korea,female_idols/Hyeongshin_KimHyungshin.jpeg
Dana,Jang Dana,장다나,HOT ISSUE,South Korea,female_idols/Dana_JangDana.png
Yewon,Park Yewon,박예원,HOT ISSUE,South Korea,female_idols/Yewon_ParkYewon.jpeg
Yebin,Kim Yebin,김예빈,HOT ISSUE,South Korea,female_idols/Yebin_KimYebin.png
Dain,Jung Dain,정다인,HOT ISSUE,South Korea,female_idols/Dain_JungDain.png
Momoka,Matsuda Momoka,마쓰다 모모카,Pink Fantasy,Japan,female_idols/Momoka_MatsudaMomoka.png
Miku,Katae Miku,카타에 미쿠,Pink Fantasy,Japan,female_idols/Miku_KataeMiku.png
Mint,Kunpat Phonpawiworakun,쿤팟 퍼언빠위워라쿤,Tiny-G,Thailand,female_idols/Mint_KunpatPhonpawiworakun.jpeg
Dohee,Min Dohee,민도희,Tiny-G,South Korea,female_idols/Dohee_MinDohee.jpeg
J.Min,Shin Minjung,신민정,Tiny-G,South Korea,female_idols/J.Min_ShinMinjung.jpeg
Myungji,Kim Myungji,김명지,Tiny-G,South Korea,female_idols/Myungji_KimMyungji.jpeg
E.Ji,Choi Jiwon,최지원,ICHILLIN',South Korea,female_idols/E.Ji_ChoiJiwon.jpeg
Jackie,Kang Chaeyeon,강채연,ICHILLIN',USA,female_idols/Jackie_KangChaeyeon.jpeg
Joonie,Park Junhee,박준희,ICHILLIN',USA,female_idols/Joonie_ParkJunhee.jpeg
Chaerin,Park Chaerin,박채린,ICHILLIN',South Korea,female_idols/Chaerin_ParkChaerin.jpeg
Sohee,Uhm Sohee,음소희,,South Korea,female_idols/Sohee_UhmSohee.jpeg
Yeju,Kim Yeju,김예주,ICHILLIN',South Korea,female_idols/Yeju_KimYeju.jpeg
Chowon,Kim Chowon,김초원,ICHILLIN',South Korea,female_idols/Chowon_KimChowon.jpeg
Eunchae,Son Eunchae,손은채,bugAboo,South Korea,female_idols/Eunchae_SonEunchae.png
Yoona,Ogura Yuuna,오구라 유우나,bugAboo,Japan,female_idols/Yoona_OguraYuuna.png
Rainie,Chu Chingyu,주칭위,PRIMROSE,Taiwan,female_idols/Rainie_ChuChingyu.jpeg
Cyan,Lee Chaeeun,이채은,bugAboo,South Korea,female_idols/Cyan_LeeChaeeun.webp
Choyeon,Kim Choyeon,김초연,bugAboo,South Korea,female_idols/Choyeon_KimChoyeon.png
Zin,Jin Hyunbin,진현빈,bugAboo,South Korea,female_idols/Zin_JinHyunbin.png
Moon Sua,Moon Sua,문수아,Billlie,South Korea,female_idols/MoonSua_MoonSua.jpeg
Suhyeon,Kim Suhyun,김수현,Billlie,South Korea,female_idols/Suhyeon_KimSuhyun.jpeg
Haram,Kim Haram,김하람,Billlie,South Korea,female_idols/Haram_KimHaram.jpeg
Tsuki,Fukutomi Tsuki,후쿠토미 츠키,Billlie,Japan,female_idols/Tsuki_FukutomiTsuki.png
Siyoon,Kim Siyoon,김시윤,Billlie,South Korea,female_idols/Siyoon_KimSiyoon.png
Haruna,Osato Haruna,오사토 하루나,Billlie,Japan,female_idols/Haruna_OsatoHaruna.png
Youngheun,Go Youngheun,고영흔,,South Korea,female_idols/Youngheun_GoYoungheun.png
Fatou,Fatou Samba,파투 삼바,Blackswan,Belgium,female_idols/Fatou_FatouSamba.jpeg
Judy,Kim Dahye,김다혜,,South Korea,female_idols/Judy_KimDahye.png
Leia,Larissa Kartes,라리사 카르치스,Blackswan,Brazil,female_idols/Leia_LarissaKartes.jpeg
Lee Jin,Shim Yerin,심예린,Hi-L,South Korea,female_idols/LeeJin_ShimYerin.png
Soojung,Hwang Soojung,황수정,Hi-L,South Korea,female_idols/Soojung_HwangSoojung.png
Dakyung,Jung Dakyung,정다경,Hi-L,South Korea,female_idols/Dakyung_JungDakyung.png
JooA,Lee Juhyun,이주현,Hi-L,South Korea,female_idols/JooA_LeeJuhyun.png
Hayun,Choi Hayun,최하윤,Hi-L,South Korea,female_idols/Hayun_ChoiHayun.webp
Yeseul,Kim Yeseul,김예슬,Hi-L,South Korea,female_idols/Yeseul_KimYeseul.png
Sullyoon,Seol Yoona,설윤아,NMIXX,South Korea,female_idols/Sullyoon_SeolYoona.jpeg
Jinni,Choi Yujin,최윤진,,South Korea,female_idols/Jinni_ChoiYujin.png
Bae,Bae Jinsol,배진솔,NMIXX,South Korea,female_idols/Bae_BaeJinsol.jpeg
Jiwoo,Kim Jiwoo,김지우,NMIXX,South Korea,female_idols/Jiwoo_KimJiwoo.jpeg
Kyujin,Jang Kyujin,장규진,NMIXX,South Korea,female_idols/Kyujin_JangKyujin.jpeg
Mashiro,Sakamoto Mashiro,사카모토 마시로,Kep1er,Japan,female_idols/Mashiro_SakamotoMashiro.jpeg
Hikaru,Ezaki Hikaru,에자키 히카루 ,Kep1er,Japan,female_idols/Hikaru_EzakiHikaru.jpeg
Youngeun,Seo Youngeun,서영은,Kep1er,South Korea,female_idols/Youngeun_SeoYoungeun.jpeg
Dayeon,Kim Dayeon,김다연,Kep1er,South Korea,female_idols/Dayeon_KimDayeon.jpeg
Chaehyun,Kim Chaehyun,김채현,Kep1er,South Korea,female_idols/Chaehyun_KimChaehyun.jpeg
Bahiyyih,Huening Bahiyyih,휴닝바히에,Kep1er,USA,female_idols/Bahiyyih_HueningBahiyyih.jpeg
XiaoTing,Shen Xiao Ting,션샤오팅,Kep1er,China,female_idols/XiaoTing_ShenXiaoTing.jpeg
Sheon,Kim Suyeon,김수연,Billlie,South Korea,female_idols/Sheon_KimSuyeon.jpeg
Gaeul,Kim Gaeul,김가을,IVE,South Korea,female_idols/Gaeul_KimGaeul.jpeg
Rei,Naoi Rei,나오이 레이,IVE,Japan,female_idols/Rei_NaoiRei.jpeg
Liz,Kim Jiwon,김지원,IVE,South Korea,female_idols/Liz_KimJiwon.jpeg
Leeseo,Lee Hyunseo,이현서,IVE,South Korea,female_idols/Leeseo_LeeHyunseo.jpeg
Sitala,Sitala Wongkrachang,시탈라 웡크라창,,Thailand,female_idols/Sitala_SitalaWongkrachang.jpeg
Seoi,Lee Yejin,이예진,H1-KEY,South Korea,female_idols/Seoi_LeeYejin.jpeg
Riina,Lee Seunghyeon,이승현,H1-KEY,South Korea,female_idols/Riina_LeeSeunghyeon.jpeg
Yel,Han Shinyoung,한신영,H1-KEY,South Korea,female_idols/Yel_HanShinyoung.jpeg
Hana,Hayase Hana,하야세 하나,ILY:1,Japan,female_idols/Hana_HayaseHana.png
Ara,Lee Yunji,이윤지,ILY:1,South Korea,female_idols/Ara_LeeYunji.png
Rona,Chang Ching,장찡,ILY:1,Taiwan,female_idols/Rona_ChangChing.png
Ririka,Kishida Ririka,키시다 리리카,ILY:1,Japan,female_idols/Ririka_KishidaRirika.jpeg
Nayu,Kim Yewon,김예원,ILY:1,South Korea,female_idols/Nayu_KimYewon.jpeg
Elva,Lee Yonghwa,이용화,ILY:1,South Korea,female_idols/Elva_LeeYonghwa.png
Lily,Lily Jin Morrow,릴리 진 머로우,NMIXX,Australia,female_idols/Lily_LilyJinMorrow.jpeg
Haewon,Oh Haewon,오해원,NMIXX,South Korea,female_idols/Haewon_OhHaewon.jpeg
Alice,Cheon Jaeyoung,천재영,TRACER,South Korea,female_idols/Alice_CheonJaeyoung.png
Genie,Cho Heejin,조희진,TRACER,South Korea,female_idols/Genie_ChoHeejin.png
Sowon,Nam Soeun,남소은,TRACER,South Korea,female_idols/Sowon_NamSoeun.png
Yubeen,Jin Yubeen,진유빈,TRACER,South Korea,female_idols/Yubeen_JinYubeen.png
Jimin,Won Jimin,원지민,CLASS:y,South Korea,female_idols/Jimin_WonJimin.png
Seonyu,Kim Seonyu,김선유,CLASS:y,South Korea,female_idols/Seonyu_KimSeonyu.png
Hyeju,Hong Hyeju,홍혜주,CLASS:y,South Korea,female_idols/Hyeju_HongHyeju.jpeg
Riwon,Kim Riwon,김리원,CLASS:y,South Korea,female_idols/Riwon_KimRiwon.png
Boeun,Park Boeun,박보은,CLASS:y,South Korea,female_idols/Boeun_ParkBoeun.png
Chaewon,Yoon Chaewon,윤채원,CLASS:y,South Korea,female_idols/Chaewon_YoonChaewon.png
Yunjin,Huh Yunjin,허윤진,LE SSERAFIM,South Korea,female_idols/Yunjin_HuhYunjin.jpeg
Kazuha,Nakamura Kazuha,나카무라 카즈하,LE SSERAFIM,Japan,female_idols/Kazuha_NakamuraKazuha.png
Garam,Kim Garam,김가람,,South Korea,female_idols/Garam_KimGaram.jpeg
Eunchae,Hong Eunchae,홍은채,LE SSERAFIM,South Korea,female_idols/Eunchae_HongEunchae.jpeg
EJ,Kim Eunji,김은지,ALICE,South Korea,female_idols/EJ_KimEunji.png
Chaejeong,Lee Chaejeong,이채정,ALICE,South Korea,female_idols/Chaejeong_LeeChaejeong.png
Via,Kim Via,김비아,FANATICS,South Korea,female_idols/Via_KimVia.png
Rayeon,Lee Rayeon,이나연,FANATICS,South Korea,female_idols/Rayeon_LeeRayeon.jpeg
Chanty,Maria Chantal Videla,마리아 샹탈 비델라,Lapillus,Philippines,female_idols/Chanty_MariaChantalVidela.jpeg
Shana,Nonaka Shana,노나카 샤나,Lapillus,Japan,female_idols/Shana_NonakaShana.png
Yue,Nancy Yang,낸시 양,Lapillus,USA,female_idols/Yue_NancyYang.png
Bessie,Kim Susanna,김수산나,Lapillus,South Korea,female_idols/Bessie_KimSusanna.png
Seowon,Jang Seowon,장서원,Lapillus,South Korea,female_idols/Seowon_JangSeowon.jpeg
Haeun,Lim Haeun,임하은,Lapillus,South Korea,female_idols/Haeun_LimHaeun.png
Hwiseo,Jo Hwihyeon,조휘현,H1-KEY,South Korea,female_idols/Hwiseo_JoHwihyeon.jpeg
Yooyeon,Kim Yooyeon,김유연,tripleS,South Korea,female_idols/Yooyeon_KimYooyeon.jpeg
Seoyeon,Yoon Seoyeon,윤서연,tripleS,South Korea,female_idols/Seoyeon_YoonSeoyeon.jpeg
Jiwoo,Lee Jiwoo,이지우,tripleS,South Korea,female_idols/Jiwoo_LeeJiwoo.jpeg
Hyerin,Jeong Hyerin,정혜린,tripleS,South Korea,female_idols/Hyerin_JeongHyerin.jpeg
Minji,Kim Minji,김민지,NewJeans,South Korea,female_idols/Minji_KimMinji.jpeg
Hanni,Pham Ngoc Han,팜응옥헌,NewJeans,Vietnam,female_idols/Hanni_PhamNgocHan.jpeg
Danielle,Mo Jihye,모지혜,NewJeans,South Korea,female_idols/Danielle_MoJihye.jpeg
Haerin,Kang Haerin,강해린,NewJeans,South Korea,female_idols/Haerin_KangHaerin.jpeg
Hyein,Lee Hyein,이혜인,NewJeans,South Korea,female_idols/Hyein_LeeHyein.jpeg
Chloe,Yun Jiwon,윤지원,Cignature,South Korea,female_idols/Chloe_YunJiwon.jpeg
Dohee,Kwon Dohee,권도희,Cignature,South Korea,female_idols/Dohee_KwonDohee.png
MiU,Ito Miyu,이토 미유,LIMELIGHT,Japan,female_idols/MiU_ItoMiyu.png
Suhye,Kim Suhye,김수혜,LIMELIGHT,South Korea,female_idols/Suhye_KimSuhye.png
Gaeun,Oh Gaeun,오가은,LIMELIGHT,South Korea,female_idols/Gaeun_OhGaeun.jpeg
Geumhee,Han Geumhee,한금희,CSR,South Korea,female_idols/Geumhee_HanGeumhee.jpeg
Sihyeon,Hwang Sihyeon,황시현,CSR,South Korea,female_idols/Sihyeon_HwangSihyeon.png
Seoyeon,Ahn Seoyeon,안서연,CSR,South Korea,female_idols/Seoyeon_AhnSeoyeon.jpeg
Yuna,Iimura Yuna,이이무라 유나,CSR,Japan,female_idols/Yuna_IimuraYuna.png
Duna,Kang Duna,강두나,CSR,South Korea,female_idols/Duna_KangDuna.jpeg
Sua,Yoo Sua,유수아,CSR,South Korea,female_idols/Sua_YooSua.png
Yeham,Gu Yeham,구예함,CSR,South Korea,female_idols/Yeham_GuYeham.jpeg
Ruka,Kawai Ruka,카와이 루카,BABYMONSTER,Japan,female_idols/Ruka_KawaiRuka.jpeg
Pharita,Pharita Chaikong,파리따 차이콩,BABYMONSTER,Thailand,female_idols/Pharita_PharitaChaikong.png
Asa,Enami Asa,에나미 아사,BABYMONSTER,Japan,female_idols/Asa_EnamiAsa.jpeg
Ahyeon,Jung Ahyeon,정아현,BABYMONSTER,South Korea,female_idols/Ahyeon_JungAhyeon.jpeg
Haram,Shin Haram,신하람,BABYMONSTER,South Korea,female_idols/Haram_ShinHaram.jpeg
Rora,Lee Dain,이다인,BABYMONSTER,South Korea,female_idols/Rora_LeeDain.png
Chiquita,Riracha Phondechaphiphat,리라차 폰데차피팟,BABYMONSTER,Thailand,female_idols/Chiquita_RirachaPhondechaphiphat.jpeg
Soomin,Kim Soomin,김수민,tripleS,South Korea,female_idols/Soomin_KimSoomin.jpeg
Nakyung,Kim Nakyung,김나경,tripleS,South Korea,female_idols/Nakyung_KimNakyung.jpeg
Yubin,Gong Yubin,공유빈,tripleS,South Korea,female_idols/Yubin_GongYubin.jpeg
Kaede,Yamada Kaede,야마다 카에데,tripleS,Japan,female_idols/Kaede_YamadaKaede.jpeg
Dahyun,Seo Dahyun,서다현,tripleS,South Korea,female_idols/Dahyun_SeoDahyun.jpeg
Kotone,Kamimoto Kotone,카미모토 코토네,tripleS,Japan,female_idols/Kotone_KamimotoKotone.jpeg
Yeonji,Kwak Yeonji,곽연지,tripleS,South Korea,female_idols/Yeonji_KwakYeonji.jpeg
Yeum,Jung Myeongwoo,정명우,,South Korea,female_idols/Yeum_JungMyeongwoo.png
Ruby,Heo Jiwon,허지원,PRIMROSE,South Korea,female_idols/Ruby_HeoJiwon.png
Yubin,Oh Yubin,오유빈,ARTBEAT,South Korea,female_idols/Yubin_OhYubin.png
Seyoung,Ha Seyoung,하세영,ARTBEAT,South Korea,female_idols/Seyoung_HaSeyoung.webp
Yoojin,Ahn Yoojin,안유진,ARTBEAT,South Korea,female_idols/Yoojin_AhnYoojin.png
Damhee,Park Damhee,박담희,ARTBEAT,South Korea,female_idols/Damhee_ParkDamhee.png
Gaeun,Lee Gaeun,이가은,ARTBEAT,South Korea,female_idols/Gaeun_LeeGaeun.png
Sieun,Lee Sieun,이시은,ARTBEAT,South Korea,female_idols/Sieun_LeeSieun.jpeg
Haeun,Lee Haeun,윤하은,ARTBEAT,South Korea,female_idols/Haeun_LeeHaeun.jpeg
Windy,Park Jinju,박진주,Girls' World,South Korea,female_idols/Windy_ParkJinju.webp
Kyrin,Park Geumju,박금주,Girls' World,South Korea,female_idols/Kyrin_ParkGeumju.webp
A-ra,Choi Eunji,최은지,Girls' World,South Korea,female_idols/A-ra_ChoiEunji.webp
Hari,,,Girls' World,Japan,female_idols/Hari_.png
Nina,Nina Nadia Mateer,니나 나디아 마티어,IRRIS,Australia,female_idols/Nina_NinaNadiaMateer.png
Hyori,Inn Hyori,인효리,mimiirose,South Korea,female_idols/Hyori_InnHyori.webp
Yeonjae,Choi Yeonjae,최연재,mimiirose,South Korea,female_idols/Yeonjae_ChoiYeonjae.png
Yewon,Han Yewon,한예원,mimiirose,South Korea,female_idols/Yewon_HanYewon.png
Jia,Yoon Jia,윤지아,mimiirose,South Korea,female_idols/Jia_YoonJia.webp
Yunju,Seo Yunju,서윤주,mimiirose,South Korea,female_idols/Yunju_SeoYunju.png
Hannah,Bae Hyunyoung,배현영,Queenz Eye,South Korea,female_idols/Hannah_BaeHyunyoung.jpeg
Narin,Lee Eunseo,이은서,Queenz Eye,South Korea,female_idols/Narin_LeeEunseo.png
Wonchae,Hwang Chaewon,황채원,Queenz Eye,South Korea,female_idols/Wonchae_HwangChaewon.jpeg
Ahyoon,Shin Ahyoon,신아윤,Queenz Eye,South Korea,female_idols/Ahyoon_ShinAhyoon.png
Damin,Kang Damin,강다민,Queenz Eye,South Korea,female_idols/Damin_KangDamin.jpeg
Jenna,Kim Minji,김민지,,South Korea,female_idols/Jenna_KimMinji.png
Doa,Im Youngseo,임영서,We;Na,South Korea,female_idols/Doa_ImYoungseo.png
Euna,,,We;Na,South Korea,female_idols/Euna_.png
Yeonseo,Ryu Yeonseo,류연서,We;Na,South Korea,Yeonseo_RyuYeonseo.jpg
Wony,Ahn Seungwon,안승원,We;Na,South Korea,female_idols/Wony_AhnSeungwon.jpeg
Keena,Song Jakyung,송자경,FIFTY FIFTY,South Korea,female_idols/Keena_SongJakyung.png
Saena,Jung Sehyun,정세현,FIFTY FIFTY,South Korea,female_idols/Saena_JungSehyun.png
Sio,Jeong Jiho,정지호,FIFTY FIFTY,South Korea,female_idols/Sio_JeongJiho.png
Aran,Jeong Eunah,정은아,FIFTY FIFTY,South Korea,female_idols/Aran_JeongEunah.png
Rinji,Hwang Rinji,황린지,Pixy,South Korea,female_idols/Rinji_HwangRinji.png
Roa,Kwak Jieun,곽지은,,South Korea,female_idols/Roa_KwakJieun.png
Chi.u,Lee Jaeyi,이재이,,South Korea,female_idols/Chi.u_LeeJaeyi.jpeg
E.sha,Kwon Yena,권예나,X:IN,Australia,female_idols/E.sha_KwonYena.jpeg
Nova,Maria Pavlovna Emelyanova,마리아 파블로브나 에멜야노바,X:IN,Russia,female_idols/Nova_MariaPavlovnaEmelyanova.jpeg
Aria,Baby Gauthami,베이비 고타미,X:IN,India,female_idols/Aria_BabyGauthami.jpeg
Jiyoon,Jeong Jiyoon,정지윤,ICHILLIN',South Korea,female_idols/Jiyoon_JeongJiyoon.jpeg
Minji,Park Minji,박민지,SECRET NUMBER,South Korea,female_idols/Minji_ParkMinji.webp
Zuu,Ji Yeongju,지영주,SECRET NUMBER,South Korea,female_idols/Zuu_JiYeongju.jpeg
Yeonsu,Ryu Yeonsu,류연수,ADYA,South Korea,female_idols/Yeonsu_RyuYeonsu.webp
Seowon,Jung Seowon,정서원,ADYA,South Korea,female_idols/Seowon_JungSeowon.png
Sena,Lim Yena,임예나,ADYA,South Korea,female_idols/Sena_LimYena.png
Chaeeun,Yoon Chaeeun,윤채은,ADYA,South Korea,female_idols/Chaeeun_YoonChaeeun.png
Seungchae,Cho Seungchae,조승채,ADYA,South Korea,female_idols/Seungchae_ChoSeungchae.png
Natty,Ahnatchaya Suputhipong,아낫차야 수푸티퐁,KISS OF LIFE,Thailand,female_idols/Natty_AhnatchayaSuputhipong.jpeg
Suhyun,Yoo Suhyun,유수현,KELT9b,South Korea,female_idols/Suhyun_YooSuhyun.jpeg
Euijeong,Yeon Euijeong,연의정,KELT9b,South Korea,female_idols/Euijeong_YeonEuijeong.webp
Lua,,,KELT9b,South Korea,female_idols/Lua_.png
Minju,Seo Minju,서민주,KELT9b,South Korea,female_idols/Minju_SeoMinju.png
Youngjae,Jo Youngjae,주영채,KELT9b,South Korea,female_idols/Youngjae_JoYoungjae.jpeg
Chaerin,Lee Chaerin,이채린,KELT9b,South Korea,female_idols/Chaerin_LeeChaerin.png
Nvee,Florence Alena Smith,플로렌스 알레나 스미스,Blackswan,USA,female_idols/Nvee_FlorenceAlenaSmith.jpeg
Gabi,Gabriela Strassburger Dalcin,가브리엘라 스트라스부르거 달신,Blackswan,Brazil,female_idols/Gabi_GabrielaStrassburgerDalcin.png
Sriya,Sriya Lenka,스리야 렌카,Blackswan,India,female_idols/Sriya_SriyaLenka.jpeg
Belle,Shim Hyewon,심혜원,KISS OF LIFE,South Korea,female_idols/Belle_ShimHyewon.png
Haneul,Won Haneul,원하늘,KISS OF LIFE,South Korea,female_idols/Haneul_WonHaneul.png
Julie,Julie Han,쥴리한,KISS OF LIFE,South Korea,female_idols/Julie_JulieHan.jpeg
Nien,Hsu Nien Tsu,쉬니엔츠,tripleS,Taiwan,female_idols/Nien_HsuNienTsu.jpeg
Sohyun,Park Sohyun,박소현,tripleS,South Korea,female_idols/Sohyun_ParkSohyun.jpeg
Xinyu,Zhou Xinyu,저우신위,tripleS,China,female_idols/Xinyu_ZhouXinyu.jpeg
Mayu,Kouma Mayu,코우마 마유,tripleS,Japan,female_idols/Mayu_KoumaMayu.jpeg
Lynn,Kawakami Rin,카와카미 린,tripleS,Japan,female_idols/Lynn_KawakamiRin.jpeg
Joobin,Joo Bin,주빈,tripleS,South Korea,female_idols/Joobin_JooBin.jpeg
Hayeon,Jeong Hayeon,정하연,tripleS,South Korea,female_idols/Hayeon_JeongHayeon.jpeg
Shion,Park Shion,박시온,tripleS,South Korea,female_idols/Shion_ParkShion.jpeg
Hayun,Ha Seyun,하세윤,PRIMROSE,South Korea,female_idols/Hayun_HaSeyun.png
Sunhye,Jeong Sunhye,정선혜,YOUNG POSSE,South Korea,female_idols/Sunhye_JeongSunhye.png
Yeonjung,Wi Yeonjung,위연정,YOUNG POSSE,South Korea,female_idols/Yeonjung_WiYeonjung.jpeg
Jiana,Noh Jihyeon,노지현,YOUNG POSSE,South Korea,female_idols/Jiana_NohJihyeon.jpeg
Doeun,Kim Doeun,김도은,YOUNG POSSE,South Korea,female_idols/Doeun_KimDoeun.jpeg
Jieun,Han Jieun,한지은,YOUNG POSSE,South Korea,female_idols/Jieun_HanJieun.jpeg
Yeyoung,Choi Yeyoung,최예영,Geenius,South Korea,female_idols/Yeyoung_ChoiYeyoung.png
Sion,Ryu Sion,류시온,Geenius,South Korea,female_idols/Sion_RyuSion.png
Mika,Yu Dahyun,유다현,Geenius,South Korea,female_idols/Mika_YuDahyun.png
Zoe,Choi Hayoung,최하영,Geenius,Italia,female_idols/Zoe_ChoiHayoung.png
Andamiro,Yeon Seongju,연승주,Geenius,South Korea,female_idols/Andamiro_YeonSeongju.png
Nizz,Hwang Sujeong,황수정,X:IN,South Korea,female_idols/Nizz_HwangSujeong.jpeg
Hannah,Kang Minkyung,강민경,X:IN,South Korea,female_idols/Hannah_KangMinkyung.jpeg
Yunah,Noh Yunah,윤아,ILLIT,South Korea,female_idols/Yunah_NohYunah.jpeg
Minju,Park Minju,민주,ILLIT,South Korea,female_idols/Minju_ParkMinju.webp
Moka,Sakai Moka,모카,ILLIT,Japan,female_idols/Moka_SakaiMoka.webp
Wonhee,Lee Wonhee,원희,ILLIT,South Korea,female_idols/Wonhee_LeeWonhee.jpeg
Iroha,Hokazono Iroha,이로하,ILLIT,Japan,female_idols/Iroha_HokazonoIroha.webp
