Stage_Name,Full_Name,Korean_Name,Group,Country,File_Name
T.O.P,Choi Seunghyun,최승현,BIGBANG,South Korea,male_idolsV2/T.O.P_ChoiSeunghyun.jpeg
Taeyang,Dong Youngbae,동영배,BIGBANG,South Korea,male_idolsV2/Taeyang_DongYoungbae.jpeg
G-Dragon,Kwon Jiyong,권지용,BIGBANG,South Korea,male_idolsV2/G-Dragon_KwonJiyong.jpeg
Daesung,Daesung,강대성,BIGBANG,South Korea,male_idolsV2/Daesung_Daesung.jpeg
Seungri,Lee Seunghyun,이승현,,South Korea,male_idolsV2/Seungri_LeeSeunghyun.png
Leeteuk,Park Jeongsu,박정수,Super Junior,South Korea,male_idolsV2/Leeteuk_ParkJeongsu.jpeg
Heechul,Kim Heechul,김희철,Super Junior,South Korea,male_idolsV2/Heechul_KimHeechul.png
Yesung,Kim Jongwoon,김종운,Super Junior,South Korea,male_idolsV2/Yesung_KimJongwoon.jpeg
Kangin,Kim Youngwoon,김영운,,South Korea,male_idolsV2/Kangin_KimYoungwoon.jpeg
Sungmin,Lee Sungmin,이성민,Super Junior,South Korea,male_idolsV2/Sungmin_LeeSungmin.jpeg
Shindong,Shin Donghee,신동희,Super Junior,South Korea,male_idolsV2/Shindong_ShinDonghee.jpeg
Eunhyuk,Lee Hyukjae,이혁재,Super Junior,South Korea,male_idolsV2/Eunhyuk_LeeHyukjae.jpeg
Siwon,Choi Siwon,최시원,Super Junior,South Korea,male_idolsV2/Siwon_ChoiSiwon.jpeg
Donghae,Lee Donghae,이동해,Super Junior,South Korea,male_idolsV2/Donghae_LeeDonghae.jpeg
Ryeowook,Kim Ryeowook,김려욱,Super Junior,South Korea,male_idolsV2/Ryeowook_KimRyeowook.jpeg
Kyuhyun,Cho Kyuhyun,조규현,Super Junior,South Korea,male_idolsV2/Kyuhyun_ChoKyuhyun.jpeg
Han Geng,Han Geng,한경,,China,male_idolsV2/HanGeng_HanGeng.jpeg
Kibum,Kim Kibum,김기범,,South Korea,male_idolsV2/Kibum_KimKibum.png
Zhou Mi,Zhou Mi,조미,Super Junior-M,China,male_idolsV2/ZhouMi_ZhouMi.jpeg
Henry,Henry Lau,헨리 라우,Super Junior-M,Canada,male_idolsV2/Henry_HenryLau.jpeg
Onew,Lee Jinki,이진기,SHINee,South Korea,male_idolsV2/Onew_LeeJinki.png
Jonghyun†,Kim Jonghyun,김종현,,South Korea,male_idolsV2/Jonghyun†_KimJonghyun.jpeg
Key,Kim Kibum,김기범,SHINee,South Korea,male_idolsV2/Key_KimKibum.png
Minho,Choi Minho,최민호,SHINee,South Korea,male_idolsV2/Minho_ChoiMinho.png
Taemin,Lee Taemin,이태민,SHINee,South Korea,male_idolsV2/Taemin_LeeTaemin.jpeg
Xiumin,Kim Minseok,김민석,EXO,South Korea,male_idolsV2/Xiumin_KimMinseok.png
Suho,Kim Junmyeon,김준면,EXO,South Korea,male_idolsV2/Suho_KimJunmyeon.png
Lay,Zhang Yixing,장이씽,EXO,China,male_idolsV2/Lay_ZhangYixing.jpeg
Baekhyun,Byun Baekhyun,변백현,EXO,South Korea,male_idolsV2/Baekhyun_ByunBaekhyun.jpeg
Chen,Kim Jongdae,김종대,EXO,South Korea,male_idolsV2/Chen_KimJongdae.jpeg
Chanyeol,Park Chanyeol,박찬열,EXO,South Korea,male_idolsV2/Chanyeol_ParkChanyeol.jpeg
D.O.,Do Kyungsoo,도경수,EXO,South Korea,male_idolsV2/D.O._DoKyungsoo.jpeg
Kai,Kim Jongin,김종인,EXO,South Korea,male_idolsV2/Kai_KimJongin.jpeg
Sehun,Oh Sehun,오세훈,EXO,South Korea,male_idolsV2/Sehun_OhSehun.jpeg
Luhan,Lu Han,루한,,China,male_idolsV2/Luhan_LuHan.png
Kris,Wu Yifan,오역범,,Canada,male_idolsV2/Kris_WuYifan.jpeg
Tao,Hwang Zitao,황자도,,China,male_idolsV2/Tao_HwangZitao.jpeg
Jinyoung,Jung Jinyoung,정진영,,South Korea,male_idolsV2/Jinyoung_JungJinyoung.png
CNU,Shin Dongwoo,신동우,B1A4,South Korea,male_idolsV2/CNU_ShinDongwoo.jpeg
Sandeul,Lee Junghwan,이정환,B1A4,South Korea,male_idolsV2/Sandeul_LeeJunghwan.webp
Baro,Cha Sunwoo,차선우,,South Korea,male_idolsV2/Baro_ChaSunwoo.png
Gongchan,Gong Chansik,공찬식,B1A4,South Korea,male_idolsV2/Gongchan_GongChansik.jpeg
Yongguk,Bang Yongguk,방용국,B.A.P,South Korea,male_idolsV2/Yongguk_BangYongguk.jpeg
Himchan,Kim Himchan,김힘찬,B.A.P,South Korea,male_idolsV2/Himchan_KimHimchan.jpeg
Daehyun,Jung Daehyun,정대현,B.A.P,South Korea,male_idolsV2/Daehyun_JungDaehyun.jpeg
Youngjae,Yoo Youngjae,유영재,B.A.P,South Korea,male_idolsV2/Youngjae_YooYoungjae.jpeg
Jongup,Moon Jongup,문종업,B.A.P,South Korea,male_idolsV2/Jongup_MoonJongup.jpeg
Zelo,Choi Junhong,최준홍,B.A.P,South Korea,male_idolsV2/Zelo_ChoiJunhong.png
Zico,Woo Jiho,우지호,Block B,South Korea,male_idolsV2/Zico_WooJiho.jpeg
Taeil,Lee Taeil,이태일,Block B,South Korea,male_idolsV2/Taeil_LeeTaeil.png
B-Bomb,Lee Minhyuk,이민혁,Block B,South Korea,male_idolsV2/B-Bomb_LeeMinhyuk.png
Jaehyo,Ahn Jaehyo,안재효,Block B,South Korea,male_idolsV2/Jaehyo_AhnJaehyo.jpeg
U-Kwon,Kim Yukwon,김유권,Block B,South Korea,male_idolsV2/U-Kwon_KimYukwon.jpeg
Park Kyung,Park Kyung,박경,Block B,South Korea,male_idolsV2/ParkKyung_ParkKyung.jpeg
P.O,Pyo Jihoon,표지훈,Block B,South Korea,male_idolsV2/P.O_PyoJihoon.jpeg
Doojoon,Yoon Doojoon,윤두준,Highlight,South Korea,male_idolsV2/Doojoon_YoonDoojoon.jpeg
Junhyung,Yong Junyung,용준형,Highlight,South Korea,male_idolsV2/Junhyung_YongJunyung.jpeg
Yoseob,Yang Yoseob,양요섭,Highlight,South Korea,male_idolsV2/Yoseob_YangYoseob.jpeg
Gikwang,Lee Gikwang,이기광,Highlight,South Korea,male_idolsV2/Gikwang_LeeGikwang.jpeg
Dongwoon,Son Dongwoon,손동운,Highlight,South Korea,male_idolsV2/Dongwoon_SonDongwoon.png
Hyunseung,Jang Hyunseung,장현승,,South Korea,male_idolsV2/Hyunseung_JangHyunseung.jpeg
Jin,Kim Seokjin,김석진,BTS,South Korea,male_idolsV2/Jin_KimSeokjin.jpeg
Suga,Min Yoongi,민윤기,BTS,South Korea,male_idolsV2/Suga_MinYoongi.png
J-Hope,Jung Hoseok,정호석,BTS,South Korea,male_idolsV2/J-Hope_JungHoseok.jpeg
RM,Kim Namjoon,김남준,BTS,South Korea,male_idolsV2/RM_KimNamjoon.jpeg
Jimin,Park Jimin,박지민,BTS,South Korea,male_idolsV2/Jimin_ParkJimin.jpeg
V,Kim Taehyung,김태형,BTS,South Korea,male_idolsV2/V_KimTaehyung.jpeg
Jungkook,Jeon Jungkook,전정국,BTS,South Korea,male_idolsV2/Jungkook_JeonJungkook.jpeg
Sungkyu,Kim Sungkyu,김성규,Infinite,South Korea,male_idolsV2/Sungkyu_KimSungkyu.jpeg
Dongwoo,Jang Dongwoo,장동우,Infinite,South Korea,male_idolsV2/Dongwoo_JangDongwoo.jpeg
Woohyun,Nam Woohyun,남우현,Infinite,South Korea,male_idolsV2/Woohyun_NamWoohyun.jpeg
Hoya,Lee Howon,이호원,,South Korea,male_idolsV2/Hoya_LeeHowon.jpeg
Sungyeol,Lee Sungyeol,이성열,Infinite,South Korea,male_idolsV2/Sungyeol_LeeSungyeol.jpeg
L,Kim Myungsoo,김명수,Infinite,South Korea,male_idolsV2/L_KimMyungsoo.jpeg
Sungjong,Lee Sungjong,이성종,Infinite,South Korea,male_idolsV2/Sungjong_LeeSungjong.jpeg
N,Cha Hakyeon,차학연,VIXX,South Korea,male_idolsV2/N_ChaHakyeon.jpeg
Leo,Jung Taekwon,정택운,VIXX,South Korea,male_idolsV2/Leo_JungTaekwon.jpeg
Ken,Lee Jaehwan,이재환 ,VIXX,South Korea,male_idolsV2/Ken_LeeJaehwan.webp
Ravi,Kim Wonsik,김원식,VIXX,South Korea,male_idolsV2/Ravi_KimWonsik.png
Hongbin,Lee Hongbin,이홍빈,VIXX,South Korea,male_idolsV2/Hongbin_LeeHongbin.jpeg
Hyuk,Han Sanghyuk,한상혁 ,VIXX,South Korea,male_idolsV2/Hyuk_HanSanghyuk.png
Jun. K,Kim Minjun,김민준,2PM,South Korea,male_idolsV2/Jun.K_KimMinjun.jpeg
Nichkhun,Nichkhun Horvejkul,닛차쿤 허라웻차꾼,2PM,Thailand,male_idolsV2/Nichkhun_NichkhunHorvejkul.jpeg
Taecyeon,Ok Taecyeon,옥택연,2PM,South Korea,male_idolsV2/Taecyeon_OkTaecyeon.png
Wooyoung,Jang Wooyoung,장우영,2PM,South Korea,male_idolsV2/Wooyoung_JangWooyoung.jpeg
Junho,Lee Junho,이준호,2PM,South Korea,male_idolsV2/Junho_LeeJunho.png
Chansung,Hwang Chansung,황찬성,2PM,South Korea,male_idolsV2/Chansung_HwangChansung.jpeg
Jeongkyun,Jeong Jeongkyun,정정균,WE:A,South Korea,male_idolsV2/Jeongkyun_JeongJeongkyun.webp
Ron,Cheon Byeonghwa,천병화,WE:A,South Korea,male_idolsV2/Ron_CheonByeonghwa.webp
Yoosung,Jeong Yoosung,정유성,,South Korea,male_idolsV2/Yoosung_JeongYoosung.jpeg
Z-UK,Jeong Jaewook,정재욱,WE:A,South Korea,male_idolsV2/Z-UK_JeongJaewook.webp
HighTop,Lim Hyeontae,임현태,Bigflo,South Korea,male_idolsV2/HighTop_LimHyeontae.jpeg
Kichun,Hwang Kichun,황기천,WE:A,South Korea,male_idolsV2/Kichun_HwangKichun.webp
Eunkwang,Seo Eunkwang,서은광,BtoB,South Korea,male_idolsV2/Eunkwang_SeoEunkwang.jpeg
Minhyuk,Lee Minhyuk,이민혁,BtoB,South Korea,male_idolsV2/Minhyuk_LeeMinhyuk.jpeg
Changsub,Lee Changsub,이창섭,BtoB,South Korea,male_idolsV2/Changsub_LeeChangsub.jpeg
Hyunsik,Lim Hyunsik,임현식 ,BtoB,South Korea,male_idolsV2/Hyunsik_LimHyunsik.jpeg
Peniel,Shin Donggeun,신동근,BtoB,South Korea,male_idolsV2/Peniel_ShinDonggeun.jpeg
Ilhoon,Jung Ilhoon,정일훈,BtoB,South Korea,male_idolsV2/Ilhoon_JungIlhoon.jpeg
Sungjae,Yook Sungjae,육성재,BtoB,South Korea,male_idolsV2/Sungjae_YookSungjae.jpeg
S.Coups,Choi Seungcheol,최승철,Seventeen,South Korea,male_idolsV2/S.Coups_ChoiSeungcheol.webp
Wonwoo,Jeon Wonwoo,전원우,Seventeen,South Korea,male_idolsV2/Wonwoo_JeonWonwoo.jpeg
Mingyu,Kim Mingyu,김민규,Seventeen,South Korea,male_idolsV2/Mingyu_KimMingyu.jpeg
Vernon,Choi Hansol,최한솔,Seventeen,USA,male_idolsV2/Vernon_ChoiHansol.jpeg
Woozi,Lee Jihoon,이지훈,Seventeen,South Korea,male_idolsV2/Woozi_LeeJihoon.jpeg
Jeonghan,Yoon Jeonghan,윤정한,Seventeen,South Korea,male_idolsV2/Jeonghan_YoonJeonghan.jpeg
Joshua,Hong Jisoo,홍지수,Seventeen,USA,male_idolsV2/Joshua_HongJisoo.jpeg
DK,Lee Seongmin,이석민,Seventeen,South Korea,male_idolsV2/DK_LeeSeongmin.png
Seungkwan,Boo Seungkwan,부승관,Seventeen,South Korea,male_idolsV2/Seungkwan_BooSeungkwan.png
Hoshi,Kwon Soonyoung,권순영,Seventeen,South Korea,male_idolsV2/Hoshi_KwonSoonyoung.jpeg
Jun,Weng Junhui,원쥔훼이,Seventeen,China,male_idolsV2/Jun_WengJunhui.jpeg
The8,Xu Minghao,쉬밍하오 ,Seventeen,China,male_idolsV2/The8_XuMinghao.png
Dino,Lee Chan,이찬,Seventeen,South Korea,male_idolsV2/Dino_LeeChan.jpeg
Kyungil,Song Kyungil,송경일,HISTORY,South Korea,male_idolsV2/Kyungil_SongKyungil.png
Dokyun,Na Dokyun,나도균,HISTORY,South Korea,male_idolsV2/Dokyun_NaDokyun.webp
Sihyoung,Kim Sihyoung,김시형,HISTORY,South Korea,male_idolsV2/Sihyoung_KimSihyoung.webp
Jaeho,Kim Jaeho,김재호,HISTORY,South Korea,male_idolsV2/Jaeho_KimJaeho.jpeg
Yijeong,Jang Yijeong,장이정,HISTORY,South Korea,male_idolsV2/Yijeong_JangYijeong.webp
Donghyun,Kim Donghyun,김동현,Boyfriend,South Korea,male_idolsV2/Donghyun_KimDonghyun.jpeg
Hyunseong,Shim Hyunseong,심현성,Boyfriend,South Korea,male_idolsV2/Hyunseong_ShimHyunseong.jpeg
Jeongmin,Lee Jeongmin,이정민,Boyfriend,South Korea,male_idolsV2/Jeongmin_LeeJeongmin.jpeg
Youngmin,Jo Youngmin,조영민,Boyfriend,South Korea,male_idolsV2/Youngmin_JoYoungmin.jpeg
Kwangmin,Jo Kwangmin,조광민,Boyfriend,South Korea,male_idolsV2/Kwangmin_JoKwangmin.jpeg
Minwoo,No Minwoo,노민우,Boyfriend,South Korea,male_idolsV2/Minwoo_NoMinwoo.png
Seyoung,Lee Seyoung,이세영,CROSS GENE,South Korea,male_idolsV2/Seyoung_LeeSeyoung.png
Casper,Chu Xiaoxiang,저효상,CROSS GENE,China,male_idolsV2/Casper_ChuXiaoxiang.webp
Shin,Shin Wonho,신원호,CROSS GENE,South Korea,male_idolsV2/Shin_ShinWonho.png
Takuya,Terada Takuya,테라다 타쿠야,CROSS GENE,Japan,male_idolsV2/Takuya_TeradaTakuya.png
Sangmin,Kim Sangmin,김상민,CROSS GENE,South Korea,male_idolsV2/Sangmin_KimSangmin.webp
Yongseok,Kim Yongseok,김용석,CROSS GENE,South Korea,male_idolsV2/Yongseok_KimYongseok.jpeg
J.seph,Kim Taehyung,김태형,KARD,South Korea,male_idolsV2/J.seph_KimTaehyung.png
BM,Matthew Kim,매튜김,KARD,South Korea,male_idolsV2/BM_MatthewKim.png
Jinho,Jo Jinho,조진호,PENTAGON,South Korea,male_idolsV2/Jinho_JoJinho.png
Hui,Lee Hwitaek,이회택,PENTAGON,South Korea,male_idolsV2/Hui_LeeHwitaek.png
Hongseok,Yang Hongseok,양홍석,PENTAGON,South Korea,male_idolsV2/Hongseok_YangHongseok.jpeg
E'Dawn,Kim Hyojong,김효종,,South Korea,male_idolsV2/E'Dawn_KimHyojong.jpeg
Shinwon,Go Shinwon,고신원,PENTAGON,South Korea,male_idolsV2/Shinwon_GoShinwon.webp
Yeo One,Yeon Changgu,여창구,PENTAGON,South Korea,male_idolsV2/YeoOne_YeonChanggu.webp
Yan An,Yan An,옌안,PENTAGON,China,male_idolsV2/YanAn_YanAn.png
Yuto,Adachi Yuto,아다치 유토,PENTAGON,Japan,male_idolsV2/Yuto_AdachiYuto.png
Kino,Kang Hyungku,강형구,PENTAGON,South Korea,male_idolsV2/Kino_KangHyungku.png
Wooseok,Jeong Wooseok,정우석,PENTAGON,South Korea,male_idolsV2/Wooseok_JeongWooseok.webp
Taeil,Moon Taeil,문태일,NCT,South Korea,male_idolsV2/Taeil_MoonTaeil.jpeg
Taeyong,Lee Taeyong,이태용,NCT,South Korea,male_idolsV2/Taeyong_LeeTaeyong.jpeg
Doyoung,Kim Dongyoung,김동영,NCT,South Korea,male_idolsV2/Doyoung_KimDongyoung.jpeg
Ten,Chittaphon Leechaiyapornkul,칫따폰 리차이야뽄꾼,NCT,Thailand,male_idolsV2/Ten_ChittaphonLeechaiyapornkul.png
Jaehyun,Jung Yoonoh,정윤오,NCT,South Korea,male_idolsV2/Jaehyun_JungYoonoh.jpeg
Mark,Mark Lee,마크 리,NCT,Canada,male_idolsV2/Mark_MarkLee.jpeg
Johnny,John Seo,존 서,NCT,USA,male_idolsV2/Johnny_JohnSeo.webp
Yuta,Nakamoto Yuta,나카모토 유타,NCT,Japan,male_idolsV2/Yuta_NakamotoYuta.jpeg
Winwin,Dong Sicheng,뚱쓰청,NCT,China,male_idolsV2/Winwin_DongSicheng.png
Haechan,Lee Donghyuk,이동혁,NCT,South Korea,male_idolsV2/Haechan_LeeDonghyuk.jpeg
Renjun,Hwang Renjun,황런쥔,NCT,China,male_idolsV2/Renjun_HwangRenjun.png
Jeno,Lee Jeno,이제노,NCT,South Korea,male_idolsV2/Jeno_LeeJeno.png
Jaemin,Na Jaemin,나재민,NCT,South Korea,male_idolsV2/Jaemin_NaJaemin.png
Chenle,Zhong Chenle,중천러,NCT,China,male_idolsV2/Chenle_ZhongChenle.png
Jisung,Park Jisung,박지성,NCT,South Korea,male_idolsV2/Jisung_ParkJisung.png
Soohyun,Shin Soohyun,신수현,U-KISS,South Korea,male_idolsV2/Soohyun_ShinSoohyun.jpeg
Kiseop,Lee Kiseop,이기섭 ,U-KISS,South Korea,male_idolsV2/Kiseop_LeeKiseop.jpeg
Eli,Ellison Kim,엘리슨 킴,U-KISS,USA,male_idolsV2/Eli_EllisonKim.jpeg
Hoon,Yeo Hoonmin,여훈민,U-KISS,South Korea,male_idolsV2/Hoon_YeoHoonmin.jpeg
Kevin,Christopher Woo,크리스토퍼 우,U-KISS,USA,male_idolsV2/Kevin_ChristopherWoo.jpeg
Jun,Lee Junyoung,이준영,U-KISS,South Korea,male_idolsV2/Jun_LeeJunyoung.png
Seungho,Yang Seungho,양승호,MBLAQ,South Korea,male_idolsV2/Seungho_YangSeungho.jpeg
G.O,Jung Byunghee,정병희,MBLAQ,South Korea,male_idolsV2/G.O_JungByunghee.jpeg
Mir,Bang Cheolyong,방철용,MBLAQ,South Korea,male_idolsV2/Mir_BangCheolyong.jpeg
Lee Joon,Lee Changseon,이창선,,South Korea,male_idolsV2/LeeJoon_LeeChangseon.jpeg
Thunder,Park Sanghyun,박상현,,South Korea,male_idolsV2/Thunder_ParkSanghyun.jpeg
C.A.P,Bang Minsoo,방민수,Teen Top,South Korea,male_idolsV2/C.A.P_BangMinsoo.jpeg
Chunji,Lee Chanhee,이찬희,Teen Top,South Korea,male_idolsV2/Chunji_LeeChanhee.webp
L.Joe,Lee Byunghun,이병헌,,South Korea,male_idolsV2/L.Joe_LeeByunghun.jpeg
Niel,Ahn Daniel,안다니엘,Teen Top,South Korea,male_idolsV2/Niel_AhnDaniel.jpeg
Ricky,Yoo Changhyun,유창현,Teen Top,South Korea,male_idolsV2/Ricky_YooChanghyun.png
Changjo,Choi Jonghyun,최종현,Teen Top,South Korea,male_idolsV2/Changjo_ChoiJonghyun.jpeg
MJ,Kim Myungjun,김명준,ASTRO,South Korea,male_idolsV2/MJ_KimMyungjun.png
Jin Jin,Park Jinwoo,박진우,ASTRO,South Korea,male_idolsV2/JinJin_ParkJinwoo.jpeg
Eunwoo,Cha Eunwoo,차은우,ASTRO,South Korea,male_idolsV2/Eunwoo_ChaEunwoo.jpeg
MoonBin†,Moon Bin,문빈,,South Korea,male_idolsV2/MoonBin†_MoonBin.jpeg
Rocky,Park Minhyuk,박민혁,,South Korea,male_idolsV2/Rocky_ParkMinhyuk.jpeg
Sanha,Yoon Sanha,윤산하,ASTRO,South Korea,male_idolsV2/Sanha_YoonSanha.png
Kevin,Kevin Jiyeop Kim,케빈 지엽 킴,ZE:A,South Korea,male_idolsV2/Kevin_KevinJiyeopKim.webp
Kwanghee,Hwang Kwanghee,황광희,ZE:A,South Korea,male_idolsV2/Kwanghee_HwangKwanghee.webp
Siwan,Yim Siwan,임시완,ZE:A,South Korea,male_idolsV2/Siwan_YimSiwan.jpeg
Lee Hoo,Moon Junyoung,이후,ZE:A,South Korea,male_idolsV2/LeeHoo_MoonJunyoung.webp
Taeheon,Kim Taeheon,김태헌,ZE:A,South Korea,male_idolsV2/Taeheon_KimTaeheon.webp
Heechul,Jung Heechul,정희철,ZE:A,South Korea,male_idolsV2/Heechul_JungHeechul.jpeg
Minwoo,Ha Minwoo,하민우,ZE:A,South Korea,male_idolsV2/Minwoo_HaMinwoo.webp
Hyungsik,Park Hyungsik,박형식,ZE:A,South Korea,male_idolsV2/Hyungsik_ParkHyungsik.jpeg
Dongjun,Kim Dongjun,김동준,ZE:A,South Korea,male_idolsV2/Dongjun_KimDongjun.jpeg
Shownu,Son Hyunwoo,손현우,MONSTA X,South Korea,male_idolsV2/Shownu_SonHyunwoo.jpeg
Wonho,Shin Hoseok,신호석,,South Korea,male_idolsV2/Wonho_ShinHoseok.jpeg
Minhyuk,Lee Minhyuk,이민혁,MONSTA X,South Korea,male_idolsV2/Minhyuk_LeeMinhyuk.jpeg
Kihyun,Yoo Kihyun,유기현,MONSTA X,South Korea,male_idolsV2/Kihyun_YooKihyun.jpeg
Hyungwon,Chae Hyungwon,채형원,MONSTA X,South Korea,male_idolsV2/Hyungwon_ChaeHyungwon.png
Jooheon,Lee Jooheon,이주헌,MONSTA X,South Korea,male_idolsV2/Jooheon_LeeJooheon.jpeg
I.M,Lim Changkyun,임창균,MONSTA X,South Korea,male_idolsV2/I.M_LimChangkyun.jpeg
Rain,Jung Jihoon,정지훈,,South Korea,male_idolsV2/Rain_JungJihoon.jpeg
PSY,Park Jaesang,박재상,,South Korea,male_idolsV2/PSY_ParkJaesang.jpeg
Gunwoo,Lee Gunwoo,이건우,MYNAME,South Korea,male_idolsV2/Gunwoo_LeeGunwoo.jpeg
Insoo,Kang Insoo,강인수,MYNAME,South Korea,male_idolsV2/Insoo_KangInsoo.png
Seyong,Kim Seyong,김세용,MYNAME,South Korea,male_idolsV2/Seyong_KimSeyong.png
JunQ,Kang Junkyu,강준규,MYNAME,South Korea,male_idolsV2/JunQ_KangJunkyu.png
Chaejin,Chae Jinseok,채진석,MYNAME,South Korea,male_idolsV2/Chaejin_ChaeJinseok.png
Jinu,Kim Jinwoo,김진우,WINNER,South Korea,male_idolsV2/Jinu_KimJinwoo.jpeg
Hoony,Lee Seunghoon,이승훈,WINNER,South Korea,male_idolsV2/Hoony_LeeSeunghoon.jpeg
Yoon,Kang Seungyoon,강승윤,WINNER,South Korea,male_idolsV2/Yoon_KangSeungyoon.png
Mino,Song Minho,송민호,WINNER,South Korea,male_idolsV2/Mino_SongMinho.jpeg
Taehyun,Nam Taehyun,남태현,,South Korea,male_idolsV2/Taehyun_NamTaehyun.webp
B.I,Kim Hanbin,김한빈,,South Korea,male_idolsV2/B.I_KimHanbin.jpeg
Jay,Kim Jinhwan,김진환,iKON,South Korea,male_idolsV2/Jay_KimJinhwan.png
Song,Song Yunhyeong,송윤형,iKON,South Korea,male_idolsV2/Song_SongYunhyeong.jpeg
Bobby,Kim Jiwon,김지원,iKON,South Korea,male_idolsV2/Bobby_KimJiwon.jpeg
DK,Kim Donghyuk,김동혁,iKON,South Korea,male_idolsV2/DK_KimDonghyuk.webp
Ju-ne,Koo Junhoe,구준회,iKON,South Korea,male_idolsV2/Ju-ne_KooJunhoe.jpeg
Chan,Jung Chanwoo,정찬우,iKON,South Korea,male_idolsV2/Chan_JungChanwoo.jpeg
Jae,Park Jaehyung,박제형,DAY6,South Korea,male_idolsV2/Jae_ParkJaehyung.jpeg
Sungjin,Park Sungjin,박성진,DAY6,South Korea,male_idolsV2/Sungjin_ParkSungjin.jpeg
Young K,Kang Young-hyun,강영현,DAY6,South Korea,male_idolsV2/YoungK_KangYoung-hyun.jpeg
Wonpil,Kim Wonpil,김원필,DAY6,South Korea,male_idolsV2/Wonpil_KimWonpil.webp
Dowoon,Yoon Dowoon,윤도운,DAY6,South Korea,male_idolsV2/Dowoon_YoonDowoon.jpeg
Junhyeok,Kim Junhyeok,임준혁,,South Korea,male_idolsV2/Junhyeok_KimJunhyeok.jpeg
Yonghwa,Jung Yonghwa,정용화,CNBLUE,South Korea,male_idolsV2/Yonghwa_JungYonghwa.jpeg
Jonghyun,Lee Jonghyun,이종현,CNBLUE,South Korea,male_idolsV2/Jonghyun_LeeJonghyun.jpeg
Minhyuk,Kang Minhyuk,강민혁,CNBLUE,South Korea,male_idolsV2/Minhyuk_KangMinhyuk.jpeg
Jungshin,Lee Jungshin,이정신,CNBLUE,South Korea,male_idolsV2/Jungshin_LeeJungshin.jpeg
Jonghoon,Choi Jonghoon,최종훈,FTISLAND,South Korea,male_idolsV2/Jonghoon_ChoiJonghoon.jpeg
Honggi,Lee Honggi,이홍기,FTISLAND,South Korea,male_idolsV2/Honggi_LeeHonggi.jpeg
Jaejin,Lee Jaejin,이재진,FTISLAND,South Korea,male_idolsV2/Jaejin_LeeJaejin.jpeg
Seunghyun,Song Seungyun,송승현,FTISLAND,South Korea,male_idolsV2/Seunghyun_SongSeungyun.jpeg
Minhwan,Choi Minhwan,최민환,FTISLAND,South Korea,male_idolsV2/Minhwan_ChoiMinhwan.jpeg
Kwangjin,Kwon Kwangjin,권광진,N.Flying,South Korea,male_idolsV2/Kwangjin_KwonKwangjin.jpeg
Seunghyub,Lee Seunghyub,이승협,N.Flying,South Korea,male_idolsV2/Seunghyub_LeeSeunghyub.webp
Cha Hoon,Cha Hoon,차훈,N.Flying,South Korea,male_idolsV2/ChaHoon_ChaHoon.jpeg
Jaehyun,Kim Jaehyun,김재현,N.Flying,South Korea,male_idolsV2/Jaehyun_KimJaehyun.jpeg
Inseong,Kim Inseong,김인성,SF9,South Korea,male_idolsV2/Inseong_KimInseong.jpeg
Youngbin,Kim Youngbin,김영빈,SF9,South Korea,male_idolsV2/Youngbin_KimYoungbin.webp
Jaeyoon,Lee Jaeyoon,이재윤,SF9,South Korea,male_idolsV2/Jaeyoon_LeeJaeyoon.png
Dawon,Lee Sanghyuk,이상혁,SF9,South Korea,male_idolsV2/Dawon_LeeSanghyuk.jpeg
Zuho,Bae Juho,백주호,SF9,South Korea,male_idolsV2/Zuho_BaeJuho.jpeg
Rowoon,Kim Seokwoo,김석우,,South Korea,male_idolsV2/Rowoon_KimSeokwoo.jpeg
Taeyang,Yoo Taeyang,유태양,SF9,South Korea,male_idolsV2/Taeyang_YooTaeyang.jpeg
Hwiyoung,Kim Youngkyun,김영균,SF9,South Korea,male_idolsV2/Hwiyoung_KimYoungkyun.jpeg
Chani,Kang Chanhee,강찬희,SF9,South Korea,male_idolsV2/Chani_KangChanhee.png
J-Hoon,Lim Junghoon,임정훈,B.I.G,South Korea,male_idolsV2/J-Hoon_LimJunghoon.png
Benji,Baek Jaewook,배제욱,B.I.G,USA,male_idolsV2/Benji_BaekJaewook.webp
Gunmin,Lee Gunmin,이건민,B.I.G,South Korea,male_idolsV2/Gunmin_LeeGunmin.png
Minpyo,Gook Minpyo,국민표,B.I.G,South Korea,male_idolsV2/Minpyo_GookMinpyo.webp
Heedo,Yoon Heedo,유희도,B.I.G,South Korea,male_idolsV2/Heedo_YoonHeedo.jpeg
Minwoo†,Seo Minwoo,서민우,100%,South Korea,male_idolsV2/Minwoo†_SeoMinwoo.png
Rokhyun,Kim Rokhyun,김록현,FAVE1,South Korea,male_idolsV2/Rokhyun_KimRokhyun.jpeg
Jonghwan,Jo Jonghwan,조종환,FAVE1,South Korea,male_idolsV2/Jonghwan_JoJonghwan.jpeg
Chanyong,Kim Chanyong,김찬용,FAVE1,South Korea,male_idolsV2/Chanyong_KimChanyong.png
Hyukjin,Jang Hyukjin,장혁진,FAVE1,South Korea,male_idolsV2/Hyukjin_JangHyukjin.jpeg
Sanghoon,Lee Sanghoon,이상훈,,South Korea,male_idolsV2/Sanghoon_LeeSanghoon.png
Changbum,Woo Changbum,우창범,,South Korea,male_idolsV2/Changbum_WooChangbum.jpeg
Cory,Hong Joohyung,홍주현,24K,South Korea,male_idolsV2/Cory_HongJoohyung.jpeg
Sungoh,Yoo Sungoh,유성오,,South Korea,male_idolsV2/Sungoh_YooSungoh.jpeg
Kisu,Choi Kisu,최기수,24K,South Korea,male_idolsV2/Kisu_ChoiKisu.png
Daeil,Kim Daeil,김대일,,South Korea,male_idolsV2/Daeil_KimDaeil.jpeg
Jeonguk,Kim Jeonguk,김정욱,24K,South Korea,male_idolsV2/Jeonguk_KimJeonguk.jpeg
Hui,Liang Hui,양휘,24K,China,male_idolsV2/Hui_LiangHui.png
Changsun,Lee Changsun,이창선,24K,South Korea,male_idolsV2/Changsun_LeeChangsun.webp
Jinhong,Kim Jinhong,김진홍,24K,South Korea,male_idolsV2/Jinhong_KimJinhong.webp
Hongseob,Shim Hongseob,심홍섭,24K,South Korea,male_idolsV2/Hongseob_ShimHongseob.png
Onejunn,Jo Wonjun,조원준,Boys Republic,South Korea,male_idolsV2/Onejunn_JoWonjun.webp
Sunwoo,Choi Sunwoo,최선우,Boys Republic,South Korea,male_idolsV2/Sunwoo_ChoiSunwoo.png
Sungjun,Park Sungjun,박성준,Boys Republic,South Korea,male_idolsV2/Sungjun_ParkSungjun.png
Minsu,Park Minsu,김민수,Boys Republic,South Korea,male_idolsV2/Minsu_ParkMinsu.png
Suwoong,Lee Suwoong,이수웅,Boys Republic,South Korea,male_idolsV2/Suwoong_LeeSuwoong.jpeg
JB,Im Jaebum,임재범,GOT7,South Korea,male_idolsV2/JB_ImJaebum.jpeg
Mark,Mark Yien Tuan,마크 이엔 투안,GOT7,USA,male_idolsV2/Mark_MarkYienTuan.jpeg
Jackson,Jackson Wang,잭슨 왕,GOT7,Hong Kong,male_idolsV2/Jackson_JacksonWang.jpeg
Jinyoung,Park Jinyoung,박진영,GOT7,South Korea,male_idolsV2/Jinyoung_ParkJinyoung.png
Youngjae,Choi Youngjae,최영재,GOT7,South Korea,male_idolsV2/Youngjae_ChoiYoungjae.jpeg
BamBam,Kunpimook Bhuwakul,꾼삐묵 부와꾼,GOT7,Thailand,male_idolsV2/BamBam_KunpimookBhuwakul.jpeg
Yugyeom,Kim Yugyeom,김유겸,GOT7,South Korea,male_idolsV2/Yugyeom_KimYugyeom.jpeg
Aron,Kwak Youngmin,곽영민,NU'EST,South Korea,male_idolsV2/Aron_KwakYoungmin.jpeg
JR,Kim Jonghyun,김종현,NU'EST,South Korea,male_idolsV2/JR_KimJonghyun.jpeg
Baekho,Kang Dongho,강동호,NU'EST,South Korea,male_idolsV2/Baekho_KangDongho.jpeg
Minhyun,Hwang Minhyun,황민현,NU'EST,South Korea,male_idolsV2/Minhyun_HwangMinhyun.jpeg
Ren,Choi Minki,최민기,NU'EST,South Korea,male_idolsV2/Ren_ChoiMinki.jpeg
Junhyuk,Choi Junhyuk,최준혁,HOTSHOT,South Korea,male_idolsV2/Junhyuk_ChoiJunhyuk.jpeg
Timoteo,Kim Moongyu,김문규,HOTSHOT,South Korea,male_idolsV2/Timoteo_KimMoongyu.jpeg
Taehyun,Noh Taehyun,노태현,HOTSHOT,South Korea,male_idolsV2/Taehyun_NohTaehyun.jpeg
Sungwoon,Ha Sungwoon,하성운,Wanna One,South Korea,male_idolsV2/Sungwoon_HaSungwoon.png
Yoonsan,Yoon Sanghyuk,윤상혁,HOTSHOT,South Korea,male_idolsV2/Yoonsan_YoonSanghyuk.png
Hojung,Go Hojung,고호정,HOTSHOT,South Korea,male_idolsV2/Hojung_GoHojung.webp
Jisung,Yoon Jisung,윤지성,Wanna One,South Korea,male_idolsV2/Jisung_YoonJisung.jpeg
Seongwu,Ong Seunwu,옹성우,Wanna One,South Korea,male_idolsV2/Seongwu_OngSeunwu.jpeg
Jaehwan,Kim Jaehwan,김재환,Wanna One,South Korea,male_idolsV2/Jaehwan_KimJaehwan.jpeg
Daniel,Kang Daniel,강다니엘,Wanna One,South Korea,male_idolsV2/Daniel_KangDaniel.jpeg
Jihoon,Park Jihoon,박지훈,Wanna One,South Korea,male_idolsV2/Jihoon_ParkJihoon.png
Woojin,Park Woojin,박우진,AB6IX,South Korea,male_idolsV2/Woojin_ParkWoojin.png
Jinyoung,Bae Jinyoung,배진영,CIX,South Korea,male_idolsV2/Jinyoung_BaeJinyoung.jpeg
Daehwi,Lee Daehwi,이대휘,AB6IX,South Korea,male_idolsV2/Daehwi_LeeDaehwi.webp
Lai Kuanlin,Lai Kuanlin,라이관린,Wanna One,Taiwan,male_idolsV2/LaiKuanlin_LaiKuanlin.jpeg
Hyojin,Kim Hyojin,김효진,ONF,South Korea,male_idolsV2/Hyojin_KimHyojin.jpeg
E-tion,Lee Changyoon,이창윤,ONF,South Korea,male_idolsV2/E-tion_LeeChangyoon.jpeg
J-Us,Lee Seungjoon,이승준,ONF,South Korea,male_idolsV2/J-Us_LeeSeungjoon.webp
Wyatt,Shim Jaeyoung,심재영,ONF,South Korea,male_idolsV2/Wyatt_ShimJaeyoung.webp
MK,Park Minkyun,박민균,ONF,South Korea,male_idolsV2/MK_ParkMinkyun.webp
U,Mizuguchi Yuto,미즈구치 유토,ONF,Japan,male_idolsV2/U_MizuguchiYuto.webp
Laun,Kim Minseok,김민석,,South Korea,male_idolsV2/Laun_KimMinseok.webp
Donghun,Lee Donghun,이동훈,A.C.E,South Korea,male_idolsV2/Donghun_LeeDonghun.jpeg
Wow,Kim Seyoon,김세윤,A.C.E,South Korea,male_idolsV2/Wow_KimSeyoon.jpeg
Jun,Park Junhee,박준희,A.C.E,South Korea,male_idolsV2/Jun_ParkJunhee.jpeg
Byeongkwan,Kim Byeongkwan,김병관,A.C.E,South Korea,male_idolsV2/Byeongkwan_KimByeongkwan.jpeg
Chan,Kang Yoochan,강유찬,A.C.E,South Korea,male_idolsV2/Chan_KangYoochan.png
Hweseung,Yoo Hweseung,유회승,N.Flying,South Korea,male_idolsV2/Hweseung_YooHweseung.png
Daeyeol,Lee Daeyeol,이대열,Golden Child,South Korea,male_idolsV2/Daeyeol_LeeDaeyeol.jpeg
Y,Choi Sungyoon,최성윤,Golden Child,South Korea,male_idolsV2/Y_ChoiSungyoon.webp
Jaeseok,Park Jaeseok,박재석,,South Korea,male_idolsV2/Jaeseok_ParkJaeseok.jpeg
Jangjun,Lee Jangjun,이장준,Golden Child,South Korea,male_idolsV2/Jangjun_LeeJangjun.jpeg
TAG,Son Youngtaek,손영택,Golden Child,South Korea,male_idolsV2/TAG_SonYoungtaek.png
Seungmin,Bae Seungmin,배승민,Golden Child,South Korea,male_idolsV2/Seungmin_BaeSeungmin.jpeg
Jaehyun,Bong Jaehyun,봉재현,Golden Child,South Korea,male_idolsV2/Jaehyun_BongJaehyun.jpeg
Jibeom,Kim Jibeom,김지범,Golden Child,South Korea,male_idolsV2/Jibeom_KimJibeom.jpeg
Donghyun,Kim Donghyun,김동현,Golden Child,South Korea,male_idolsV2/Donghyun_KimDonghyun.jpeg
Joochan,Hong Joochan,홍주찬,Golden Child,South Korea,male_idolsV2/Joochan_HongJoochan.jpeg
Bomin,Choi Bomin,최보민,Golden Child,South Korea,male_idolsV2/Bomin_ChoiBomin.png
Jinhoo,Kim Jinwook,김진욱,,South Korea,male_idolsV2/Jinhoo_KimJinwook.png
Kuhn,Noh Sooil,노수일,UP10TION,South Korea,male_idolsV2/Kuhn_NohSooil.png
Kongyeol,Go Minsoo,고민수,UP10TION,South Korea,male_idolsV2/Kongyeol_GoMinsoo.png
Wei,Lee Jinhyuk,이진혁,,South Korea,male_idolsV2/Wei_LeeJinhyuk.jpeg
Bitto,Lee Changhyun,이창현,UP10TION,South Korea,male_idolsV2/Bitto_LeeChanghyun.jpeg
Wooshin,Kim Wooseok,김우석,,South Korea,male_idolsV2/Wooshin_KimWooseok.jpeg
Sunyoul,Seon Yein,선예인,UP10TION,South Korea,male_idolsV2/Sunyoul_SeonYein.png
Gyujin,Han Gyujin,한규진,UP10TION,South Korea,male_idolsV2/Gyujin_HanGyujin.webp
Hwanhee,Lee Hwanhee,이환희,UP10TION,South Korea,male_idolsV2/Hwanhee_LeeHwanhee.jpeg
Xiao,Lee Dongyeol,이동열,UP10TION,South Korea,male_idolsV2/Xiao_LeeDongyeol.jpeg
Kid,Kim Junhoe,김준회,VARSITY,South Korea,male_idolsV2/Kid_KimJunhoe.jpeg
Bullet,Jin Junwoo,진준우,VARSITY,South Korea,male_idolsV2/Bullet_JinJunwoo.webp
Damon,Hu Boohan,후보한,VARSITY,China,male_idolsV2/Damon_HuBoohan.webp
Xiweol,Kang Minseok,강민석,VARSITY,South Korea,male_idolsV2/Xiweol_KangMinseok.webp
Xin,Wang Xinwi,왕씬위,VARSITY,China,male_idolsV2/Xin_WangXinwi.jpeg
Jaebin,Deung Bin,등빈,VARSITY,China,male_idolsV2/Jaebin_DeungBin.webp
Dann,Jung Seungbo,정승보,Kingdom,South Korea,male_idolsV2/Dann_JungSeungbo.png
Riho,Jin Seungwook,진승욱,VARSITY,South Korea,male_idolsV2/Riho_JinSeungwook.jpeg
Anthony,Anthony Lo,엔써니 루오,VARSITY,China,male_idolsV2/Anthony_AnthonyLo.webp
Arthur,Jang Yunho,장윤호,Kingdom,South Korea,male_idolsV2/Arthur_JangYunho.png
Dawon,Cho Dawon,조다원,VARSITY,South Korea,male_idolsV2/Dawon_ChoDawon.png
Manny,Syo Dongchun,쇼동청,VARSITY,China,male_idolsV2/Manny_SyoDongchun.webp
Hamin,Kim Kangmin,김강민,BXB,South Korea,male_idolsV2/Hamin_KimKangmin.jpeg
Hohyeon,Lee Hohyeon,이호현,TRCNG,South Korea,male_idolsV2/Hohyeon_LeeHohyeon.webp
Siwoo,Yoo Siwoo,유시우,BXB,South Korea,male_idolsV2/Siwoo_YooSiwoo.png
Hyunwoo,Kim Hyunwoo,김현우,BXB,South Korea,male_idolsV2/Hyunwoo_KimHyunwoo.jpeg
Jisung,Kim Jisung,김지성,TRCNG,South Korea,male_idolsV2/Jisung_KimJisung.png
Wooyeop,Jo Wooyeop,조우엽,TRCNG,South Korea,male_idolsV2/Wooyeop_JoWooyeop.jpeg
Hakmin,Lee Hakmin,이학민,TRCNG,South Korea,male_idolsV2/Hakmin_LeeHakmin.webp
Taeseon,Yang Taeseon,양태선,TRCNG,South Korea,male_idolsV2/Taeseon_YangTaeseon.jpeg
Hayoung,Choi Hayoung,최하영,TRCNG,South Korea,male_idolsV2/Hayoung_ChoiHayoung.png
Jihun,Kim Jihun,김지훈,BXB,South Korea,male_idolsV2/Jihun_KimJihun.png
Hojoon,Jeon Hojoon,전호준,Topp Dogg,South Korea,male_idolsV2/Hojoon_JeonHojoon.png
Sangdo,Yoo Sangdo,유상도,Topp Dogg,South Korea,male_idolsV2/Sangdo_YooSangdo.png
B-Joo,Kim Byungjoo,김병주,Topp Dogg,South Korea,male_idolsV2/B-Joo_KimByungjoo.png
Xero,Shin Jiho,신지호,Topp Dogg,South Korea,male_idolsV2/Xero_ShinJiho.jpeg
Kim Sanggyun,Kim Sanggyun,김상균,JBJ95,South Korea,male_idolsV2/KimSanggyun_KimSanggyun.jpeg
Yano,Seo Sangwon,서상원,Topp Dogg,South Korea,male_idolsV2/Yano_SeoSangwon.jpeg
Kidoh,Jin Hyosang,진효상,,South Korea,male_idolsV2/Kidoh_JinHyosang.jpeg
Seogoong,Park Hyunho,박현호,,South Korea,male_idolsV2/Seogoong_ParkHyunho.jpeg
Gohn,Kim Dongsung,김동성,,South Korea,male_idolsV2/Gohn_KimDongsung.jpeg
Jenissi,Kim Taeyang,김태양,,South Korea,male_idolsV2/Jenissi_KimTaeyang.jpeg
P-Goon,Park Sehyuk,박세혁,,South Korea,male_idolsV2/P-Goon_ParkSehyuk.jpeg
Nakta,Shin Yooncheol,신윤철,,South Korea,male_idolsV2/Nakta_ShinYooncheol.jpeg
Hansol,Kim Hansol,김한솔,,South Korea,male_idolsV2/Hansol_KimHansol.png
Kenta,Takada Kenta,타카다 켄타,JBJ,Japan,male_idolsV2/Kenta_TakadaKenta.png
Longguo,Jin Longguo,진룽궈,JBJ,China,male_idolsV2/Longguo_JinLongguo.webp
Hyunbin,Kwon Hyunbin,권현빈,JBJ,South Korea,male_idolsV2/Hyunbin_KwonHyunbin.jpeg
Donghan,Kim Donghan,김동한,WEi,South Korea,male_idolsV2/Donghan_KimDonghan.jpeg
Seonglee,Kim Seonglee,김성리,,South Korea,male_idolsV2/Seonglee_KimSeonglee.png
Wontak,Ju Wontak,주원탁,,South Korea,male_idolsV2/Wontak_JuWontak.webp
Kiwon,Lee Kiwon,이기원,GIDONGDAE,South Korea,male_idolsV2/Kiwon_LeeKiwon.webp
Daehyeon,Jang Daehyeon,장대현,WEi,South Korea,male_idolsV2/Daehyeon_JangDaehyeon.jpeg
Eunki,Hong Eunki,홍은기,,South Korea,male_idolsV2/Eunki_HongEunki.png
Hyunmin,Byun Hyunmin,변현민,,South Korea,male_idolsV2/Hyunmin_ByunHyunmin.png
Sunghyuk,Seo Sunghyuk,서성혁,,South Korea,male_idolsV2/Sunghyuk_SeoSunghyuk.webp
Youngmin,Lim Youngmin,임영민,,South Korea,male_idolsV2/Youngmin_LimYoungmin.jpeg
Donghyun,Kim Donghyun,김동현,AB6IX,South Korea,male_idolsV2/Donghyun_KimDonghyun.jpeg
Suhyun,Choi Hyunggeun,최형근 ,SNUPER,South Korea,male_idolsV2/Suhyun_ChoiHyunggeun.png
Sangil,Shim Sangil,심상일,SNUPER,South Korea,male_idolsV2/Sangil_ShimSangil.jpeg
Taewoong,Yoo Taewoong,유태웅,SNUPER,South Korea,male_idolsV2/Taewoong_YooTaewoong.jpeg
Woosung,Choi Sunghyuk,최성혁,SNUPER,South Korea,male_idolsV2/Woosung_ChoiSunghyuk.png
Sangho,Jo Sangho,조상호,SNUPER,South Korea,male_idolsV2/Sangho_JoSangho.png
Sebin,Jang Sebin,장세빈,SNUPER,South Korea,male_idolsV2/Sebin_JangSebin.png
Seokcheol,Lee Seokchul,이석철,TheEastLight,South Korea,male_idolsV2/Seokcheol_LeeSeokchul.jpeg
Eunsung,Lee Eunsung,이은성 ,TheEastLight,South Korea,male_idolsV2/Eunsung_LeeEunsung.jpeg
Seunghyun,Lee Seunghyun,이승현,TheEastLight,South Korea,male_idolsV2/Seunghyun_LeeSeunghyun.png
Junwook,Kim Junwook,김준욱,TheEastLight,South Korea,male_idolsV2/Junwook_KimJunwook.png
Sakang,Jeon Sakang,정사강,TheEastLight,South Korea,male_idolsV2/Sakang_JeonSakang.png
Woojin,Lee Woojin,이우진,TheEastLight,South Korea,male_idolsV2/Woojin_LeeWoojin.webp
Bin,Kwon Soobin,김수빈,Hot Blood Youth,South Korea,male_idolsV2/Bin_KwonSoobin.jpeg
Marco,Lee Hyunggeun,이형근,Hot Blood Youth,South Korea,male_idolsV2/Marco_LeeHyunggeun.jpeg
Taro,Choi Wonjin,최원진,Hot Blood Youth,South Korea,male_idolsV2/Taro_ChoiWonjin.jpeg
Kyuhyuk,Shim Kyuhyuk,심규혁,Hot Blood Youth,South Korea,male_idolsV2/Kyuhyuk_ShimKyuhyuk.jpeg
Jisan,Choi Jinsang,최지상,Hot Blood Youth,South Korea,male_idolsV2/Jisan_ChoiJinsang.jpeg
Taeeun,Moon Taeeun,문태은,IM,South Korea,male_idolsV2/Taeeun_MoonTaeeun.png
Giseok,Jun Giseok,정기석,IM,South Korea,male_idolsV2/Giseok_JunGiseok.png
Hangyul,Lee Hangyul,이한결,BAE173,South Korea,male_idolsV2/Hangyul_LeeHangyul.jpeg
Gijung,Kim Gijung,김기중,IM,South Korea,male_idolsV2/Gijung_KimGijung.webp
Kun,Qian Kun,첸쿤,NCT,China,male_idolsV2/Kun_QianKun.png
Jungwoo,Kim Jungwoo,김정우,NCT,South Korea,male_idolsV2/Jungwoo_KimJungwoo.png
Lucas,Wong Junghei,웡육헤이,,Hong Kong,male_idolsV2/Lucas_WongJunghei.png
Sangyeon,Lee Sangyeon,이상연,The Boyz,South Korea,male_idolsV2/Sangyeon_LeeSangyeon.jpeg
Jacob,Bae Joonyoung,배준영,The Boyz,South Korea,male_idolsV2/Jacob_BaeJoonyoung.jpeg
Younghoon,Kim Younghoon,김영훈,The Boyz,South Korea,male_idolsV2/Younghoon_KimYounghoon.jpeg
Hyunjae,Lee Jaehyun,이재현,The Boyz,South Korea,male_idolsV2/Hyunjae_LeeJaehyun.png
Juyeon,Lee Juyeon,이주연,The Boyz,South Korea,male_idolsV2/Juyeon_LeeJuyeon.png
Kevin,Moon Hyungseo,문형서,The Boyz,Canada,male_idolsV2/Kevin_MoonHyungseo.jpeg
New,Choi Chanhee,최찬희,The Boyz,South Korea,male_idolsV2/New_ChoiChanhee.jpeg
Q,Ji Changmin,지창민,The Boyz,South Korea,male_idolsV2/Q_JiChangmin.jpeg
Juhaknyeon,Ju Haknyeon,주학년,The Boyz,South Korea,male_idolsV2/Juhaknyeon_JuHaknyeon.jpeg
Hwall,Heo Hyunjoon,허현준,,South Korea,male_idolsV2/Hwall_HeoHyunjoon.jpeg
Sunwoo,Kim Sunwoo,김선우,The Boyz,South Korea,male_idolsV2/Sunwoo_KimSunwoo.jpeg
Eric,Son Youngjae,손영재,The Boyz,South Korea,male_idolsV2/Eric_SonYoungjae.jpeg
Bang Chan,Bang Chan,방찬,Stray Kids,Australia,male_idolsV2/BangChan_BangChan.jpeg
Woojin,Kim Woojin,김우진,,South Korea,male_idolsV2/Woojin_KimWoojin.png
Lee Know,Lee Minho,이민호,Stray Kids,South Korea,male_idolsV2/LeeKnow_LeeMinho.jpeg
Changbin,Seo Changbin,서창빈,Stray Kids,South Korea,male_idolsV2/Changbin_SeoChangbin.jpeg
Hyunjin,Hwang Hyunjin,황현진,Stray Kids,South Korea,male_idolsV2/Hyunjin_HwangHyunjin.jpeg
Han,Han Jisung,한지성,Stray Kids,South Korea,male_idolsV2/Han_HanJisung.webp
Felix,Lee Youngbok,이용복,Stray Kids,South Korea,male_idolsV2/Felix_LeeYoungbok.jpeg
Seungmin,Kim Seungmin,김승민,Stray Kids,South Korea,male_idolsV2/Seungmin_KimSeungmin.jpeg
I.N,Yang Jeongin,양정인,Stray Kids,South Korea,male_idolsV2/I.N_YangJeongin.jpeg
Samuel,Kim Samuel,김사무엘,,South Korea,male_idolsV2/Samuel_KimSamuel.png
Seunghwan,Lee Seunghwan,이승환,Romeo,South Korea,male_idolsV2/Seunghwan_LeeSeunghwan.png
Yunsung,Hwang Yunsung,황윤성,Romeo,South Korea,male_idolsV2/Yunsung_HwangYunsung.png
Milo,Kim Minhak,김민학,Romeo,South Korea,male_idolsV2/Milo_KimMinhak.jpeg
Minsung,Kim Minhwi,김민휘,Romeo,South Korea,male_idolsV2/Minsung_KimMinhwi.png
Kyle,Ma Jaekyung,마재경,Romeo,South Korea,male_idolsV2/Kyle_MaJaekyung.png
Hyunkyung,Kim Hyunjong,김현종,Romeo,South Korea,male_idolsV2/Hyunkyung_KimHyunjong.jpeg
Kangmin,Noh Kangmin,노강민,Romeo,South Korea,male_idolsV2/Kangmin_NohKangmin.jpeg
Yonghoon,Jin Yonghoon,진용훈,Onewe,South Korea,male_idolsV2/Yonghoon_JinYonghoon.webp
Harin,Ju Harin,주하린,Onewe,South Korea,male_idolsV2/Harin_JuHarin.jpeg
Kanghyun,Kang Hyungu,강현구,Onewe,South Korea,male_idolsV2/Kanghyun_KangHyungu.webp
Dongmyeong,Son Dongmyeong,곤동명,Onewe,South Korea,male_idolsV2/Dongmyeong_SonDongmyeong.jpeg
Cya,Lee Giwook,이기욱,Onewe,South Korea,male_idolsV2/Cya_LeeGiwook.jpeg
Ravn,Kim Yoongjo,김영조,Oneus,South Korea,male_idolsV2/Ravn_KimYoongjo.jpeg
Seoho,Lee Seoho,이서호,Oneus,South Korea,male_idolsV2/Seoho_LeeSeoho.webp
Leedo,Kim Geonhak,김건학,Oneus,South Korea,male_idolsV2/Leedo_KimGeonhak.webp
Keonhee,Lee Keonhee,김건희,Oneus,South Korea,male_idolsV2/Keonhee_LeeKeonhee.webp
Hwanwoong,Yeo Hwanwoong,여환웅,Oneus,South Korea,male_idolsV2/Hwanwoong_YeoHwanwoong.webp
Xion,Son Dongju,손동주,Oneus,South Korea,male_idolsV2/Xion_SonDongju.webp
Hyunwook,Ji Hyunwook,지현욱,D-CRUNCH,South Korea,male_idolsV2/Hyunwook_JiHyunwook.webp
Hyunho,Lee Hyunho,이현호,D-CRUNCH,South Korea,male_idolsV2/Hyunho_LeeHyunho.png
O.V,Kim Sanchan,김상찬,D-CRUNCH,South Korea,male_idolsV2/O.V_KimSanchan.webp
Hyunoh,Park Hyunoh,백현우,D-CRUNCH,South Korea,male_idolsV2/Hyunoh_ParkHyunoh.webp
Hyunwoo,Baek Hyunwoo,박현오,D-CRUNCH,South Korea,male_idolsV2/Hyunwoo_BaekHyunwoo.png
Minhyuk,Kim Minhyuk,김민혁,D-CRUNCH,South Korea,male_idolsV2/Minhyuk_KimMinhyuk.png
Chanyoung,Kim Chanyoung,김찬영,D-CRUNCH,South Korea,male_idolsV2/Chanyoung_KimChanyoung.png
Jeongseung,Park Jeongseung,박정승,D-CRUNCH,South Korea,male_idolsV2/Jeongseung_ParkJeongseung.png
Dylan,Park Yeonjae,박연재,D-CRUNCH,South Korea,male_idolsV2/Dylan_ParkYeonjae.png
Dongheon,Lee Dongheon,이동헌,Verivery,South Korea,male_idolsV2/Dongheon_LeeDongheon.jpeg
Hoyoung,Bae Hoyoung,배호영,Verivery,South Korea,male_idolsV2/Hoyoung_BaeHoyoung.jpeg
Minchan,Hong Minchan,홍민찬,Verivery,South Korea,male_idolsV2/Minchan_HongMinchan.jpeg
Gyehyeon,Jo Gyehyeon,조계현,Verivery,South Korea,male_idolsV2/Gyehyeon_JoGyehyeon.jpeg
Yeonho,Ju Yeonho,주연호,Verivery,South Korea,male_idolsV2/Yeonho_JuYeonho.jpeg
Yongseung,Kim Yongseung,김용승,Verivery,South Korea,male_idolsV2/Yongseung_KimYongseung.jpeg
Kangmin,Yoo Kangmin,유강민,Verivery,South Korea,male_idolsV2/Kangmin_YooKangmin.jpeg
U-Know Yunho,Jung Yunho,정윤호,TVXQ,South Korea,male_idolsV2/U-KnowYunho_JungYunho.jpeg
Max Changmin,Shim Changmin,심창민,TVXQ,South Korea,male_idolsV2/MaxChangmin_ShimChangmin.jpeg
Jaejoong,Kim Jaejoong,김재중,JYJ,South Korea,male_idolsV2/Jaejoong_KimJaejoong.jpeg
Yoochun,Park Yoochun,박유천,JYJ,South Korea,male_idolsV2/Yoochun_ParkYoochun.jpeg
Xia Junsu,Kim Junsu,김준수,JYJ,South Korea,male_idolsV2/XiaJunsu_KimJunsu.jpeg
Euijin,Lee Euijin,이의진,Bigflo,South Korea,male_idolsV2/Euijin_LeeEuijin.png
Sungmin,Oh Sungmin,오성민,Bigflo,South Korea,male_idolsV2/Sungmin_OhSungmin.png
Lex,Jeon Hyungmin,전형민,Bigflo,South Korea,male_idolsV2/Lex_JeonHyungmin.png
St. Van,Lee Geumhyuk,이금혁,VAV,South Korea,male_idolsV2/St.Van_LeeGeumhyuk.webp
Baron,Choi Chunghyeop,최충협,,South Korea,male_idolsV2/Baron_ChoiChunghyeop.png
Ace,Jang Wooyoung,장우영,VAV,South Korea,male_idolsV2/Ace_JangWooyoung.png
Ayno,Noh Yoonho,노윤호,VAV,South Korea,male_idolsV2/Ayno_NohYoonho.webp
Jacob,Zhang Peng,장펑,VAV,China,male_idolsV2/Jacob_ZhangPeng.png
Lou,Kim Hosung,김호성,VAV,South Korea,male_idolsV2/Lou_KimHosung.png
Ziu,Park Heejun,박희준,VAV,South Korea,male_idolsV2/Ziu_ParkHeejun.png
Hongjoong,Kim Hongjoong,김홍중,ATEEZ,South Korea,male_idolsV2/Hongjoong_KimHongjoong.jpeg
Seonghwa,Park Seonghwa,박성화,ATEEZ,South Korea,male_idolsV2/Seonghwa_ParkSeonghwa.jpeg
Yunho,Jeong Yunho,정윤호,ATEEZ,South Korea,male_idolsV2/Yunho_JeongYunho.jpeg
Yeosang,Kang Yeosang,강여상,ATEEZ,South Korea,male_idolsV2/Yeosang_KangYeosang.jpeg
San,Choi San,최산,ATEEZ,South Korea,male_idolsV2/San_ChoiSan.jpeg
Mingi,Son Mingi,송민기,ATEEZ,South Korea,male_idolsV2/Mingi_SonMingi.jpeg
Wooyoung,Jung Wooyoung,정우영,ATEEZ,South Korea,male_idolsV2/Wooyoung_JungWooyoung.jpeg
Jongho,Choi Jongho,최종호,ATEEZ,South Korea,male_idolsV2/Jongho_ChoiJongho.jpeg
Narachan,Jung Hyunwoo,정현우,MONT,South Korea,male_idolsV2/Narachan_JungHyunwoo.png
Bitsaeon,Kim Sangyeon,김상연,MONT,South Korea,male_idolsV2/Bitsaeon_KimSangyeon.jpeg
Roda,Shin Joongmin,신중민,MONT,South Korea,male_idolsV2/Roda_ShinJoongmin.jpeg
Soobin,Choi Soobin,최수빈,TXT,South Korea,male_idolsV2/Soobin_ChoiSoobin.jpeg
Yeonjun,Choi Yeonjun,최연준,TXT,South Korea,male_idolsV2/Yeonjun_ChoiYeonjun.webp
Beomgyu,Choi Beomgyu,최범규,TXT,South Korea,male_idolsV2/Beomgyu_ChoiBeomgyu.jpeg
Taehyun,Kang Taehyun,강태현,TXT,South Korea,male_idolsV2/Taehyun_KangTaehyun.jpeg
Hueningkai,Kai Kamal Huening,카이 카말 휴닝,TXT,USA,male_idolsV2/Hueningkai_KaiKamalHuening.jpeg
Yongha,Yoo Yongha,유용하,WEi,South Korea,male_idolsV2/Yongha_YooYongha.webp
Louis,Kim Taewoo,김태우,BLANK2Y,South Korea,male_idolsV2/Louis_KimTaewoo.jpeg
Seunghwan,Lee Seunghwan,이승환,1the9,South Korea,male_idolsV2/Seunghwan_LeeSeunghwan.png
Yechan,Shin Yechan,신예찬,OMEGA X,South Korea,male_idolsV2/Yechan_ShinYechan.png
Junseo,Kim Junseo,김준서,WEi,South Korea,male_idolsV2/Junseo_KimJunseo.webp
DY,Jeon Doyum,전도염,JUST B,South Korea,male_idolsV2/DY_JeonDoyum.jpeg
Jinsung,Jung Jinsung,정진성,1the9,South Korea,male_idolsV2/Jinsung_JungJinsung.png
Taekhyeon,Jung Taekhyeon,정택현,1the9,South Korea,male_idolsV2/Taekhyeon_JungTaekhyeon.webp
Won,Park Sungwon,박성원,Ciipher,South Korea,male_idolsV2/Won_ParkSungwon.png
Rubin,Lee Haejoon,이해준,1TEAM,South Korea,male_idolsV2/Rubin_LeeHaejoon.png
BC,Jin Sungho,진성호,1TEAM,South Korea,male_idolsV2/BC_JinSungho.png
XEN,Lee Jinwoo,이진우,OMEGA X,South Korea,male_idolsV2/XEN_LeeJinwoo.webp
Jehyun,Moon Jehyun,문제현,OMEGA X,South Korea,male_idolsV2/Jehyun_MoonJehyun.webp
Junghoon,Lee Junghoon,이정훈,1TEAM,South Korea,male_idolsV2/Junghoon_LeeJunghoon.png
Seungwoo,Han Seungwoo,한승우,VICTON,South Korea,male_idolsV2/Seungwoo_HanSeungwoo.jpeg
Seungsik,Kang Seungsik,강승식,VICTON,South Korea,male_idolsV2/Seungsik_KangSeungsik.png
Heo Chan,Heo Chan,허찬,,South Korea,male_idolsV2/HeoChan_HeoChan.png
Sejun,Lim Sejun,임세준,VICTON,South Korea,male_idolsV2/Sejun_LimSejun.jpeg
Hanse,Do Hanse,도한세,VICTON,South Korea,male_idolsV2/Hanse_DoHanse.png
Byungchan,Choi Byungchan,최병찬,VICTON,South Korea,male_idolsV2/Byungchan_ChoiByungchan.jpeg
Subin,Jung Subin,정수빈,VICTON,South Korea,male_idolsV2/Subin_JungSubin.webp
E.sol,Jeon Jaehyuk,전재혁,14U,South Korea,male_idolsV2/E.sol_JeonJaehyuk.webp
Luha,Lee Gyeonghun,이경훈,14U,South Korea,male_idolsV2/Luha_LeeGyeonghun.webp
Gohyeon,Go Hyeon,고현,14U,South Korea,male_idolsV2/Gohyeon_GoHyeon.jpeg
B.S,Lee Youngsoo,이영수,14U,South Korea,male_idolsV2/B.S_LeeYoungsoo.png
Loudi,Won Jihoon,원지훈,14U,Indonesia,male_idolsV2/Loudi_WonJihoon.png
Eunjae,Kwak Eunjae,곽은재,14U,South Korea,male_idolsV2/Eunjae_KwakEunjae.png
Woojoo,Kim Sangyoon,김상윤,14U,South Korea,male_idolsV2/Woojoo_KimSangyoon.png
Dohyuk,Kim Dohyuk,김도혁,14U,South Korea,male_idolsV2/Dohyuk_KimDohyuk.png
Hyunwoong,Kim Hyunwoong,김현웅,14U,South Korea,male_idolsV2/Hyunwoong_KimHyunwoong.jpeg
Sejin,Lee Sejin,이세진,14U,South Korea,male_idolsV2/Sejin_LeeSejin.jpeg
Youngwoong,Cho Youngwoon,조영웅,14U,South Korea,male_idolsV2/Youngwoong_ChoYoungwoon.png
Rio,Son Gwanghyuk,손광혁,14U,South Korea,male_idolsV2/Rio_SonGwanghyuk.png
Gyeongtae,Kwon Gyeongtae,권경태,14U,South Korea,male_idolsV2/Gyeongtae_KwonGyeongtae.png
Gun,Kwak Gun,곽건,14U,South Korea,male_idolsV2/Gun_KwakGun.png
Seungjun,Ji Seungjun,지승준,Astin,South Korea,male_idolsV2/Seungjun_JiSeungjun.jpeg
Jingyu,Lee Jingyu,이진규,Astin,South Korea,male_idolsV2/Jingyu_LeeJingyu.png
Hongil,Yoon Hongil,윤홍일,Astin,South Korea,male_idolsV2/Hongil_YoonHongil.png
Junghun,Jang Junghun,장정훈,Astin,South Korea,male_idolsV2/Junghun_JangJunghun.png
Yeram,Yang Yeram,양예람,Astin,South Korea,male_idolsV2/Yeram_YangYeram.jpeg
Mir,Lee Yoonsang,이윤상,Astin,South Korea,male_idolsV2/Mir_LeeYoonsang.png
Hyeongseok,Chu Hyeongseok,추형석,Astin,South Korea,male_idolsV2/Hyeongseok_ChuHyeongseok.png
Hyunsuk,Choi Hyunsuk,최현석,Treasure,South Korea,male_idolsV2/Hyunsuk_ChoiHyunsuk.jpeg
Jihoon,Park Jihoon,박지훈,Treasure,South Korea,male_idolsV2/Jihoon_ParkJihoon.jpeg
Yoshi,Kanemoto Yoshinori,카네모토 요시노리,Treasure,Japan,male_idolsV2/Yoshi_KanemotoYoshinori.jpeg
Junkyu,Kim Junkyu,김준규,Treasure,South Korea,male_idolsV2/Junkyu_KimJunkyu.jpeg
Yoonbin,Ha Yoonbin,하윤빈,,South Korea,male_idolsV2/Yoonbin_HaYoonbin.png
Mashiho,Takata Mashiho,타카타 마시호,Treasure,Japan,male_idolsV2/Mashiho_TakataMashiho.jpeg
Jaehyuk,Yoon Jaehyuk,윤재혁,Treasure,South Korea,male_idolsV2/Jaehyuk_YoonJaehyuk.jpeg
Asahi,Hanada Asahi,하나다 아사히,Treasure,Japan,male_idolsV2/Asahi_HanadaAsahi.webp
Yedam,Bang Yedam,방예담,Treasure,South Korea,male_idolsV2/Yedam_BangYedam.jpeg
Doyoung,Kim Doyoung,김도영,Treasure,South Korea,male_idolsV2/Doyoung_KimDoyoung.png
Haruto,Watanabe Haruto,와타나베 하루토,Treasure,Japan,male_idolsV2/Haruto_WatanabeHaruto.png
Jeongwoo,Park Jeongwoo,박정우,Treasure,South Korea,male_idolsV2/Jeongwoo_ParkJeongwoo.jpeg
Hyunjun,Lee Hyunjun,이현준,IZ,South Korea,male_idolsV2/Hyunjun_LeeHyunjun.webp
Jihoo,Lim Soojung,임수정,IZ,South Korea,male_idolsV2/Jihoo_LimSoojung.png
Woosu,Kim Minseok,김민석,IZ,South Korea,male_idolsV2/Woosu_KimMinseok.webp
Junyoung,Lee Junyoung,이준영,IZ,South Korea,male_idolsV2/Junyoung_LeeJunyoung.png
Minjae,Jo Minjae,조민재,Spectrum,South Korea,male_idolsV2/Minjae_JoMinjae.png
Dongkyu,Moon Dongkyu,문동규,Spectrum,South Korea,male_idolsV2/Dongkyu_MoonDongkyu.png
Jaehan,Kim Jaehan,김재한,OMEGA X,South Korea,male_idolsV2/Jaehan_KimJaehan.png
Hwarang,Park Jonghan,박종찬,Spectrum,South Korea,male_idolsV2/Hwarang_ParkJonghan.png
Seunghyun,Lee Seunghyun,이승현,AIMERS,South Korea,male_idolsV2/Seunghyun_LeeSeunghyun.png
Eunjun,Choi Eunjun,최은준,AIMERS,South Korea,male_idolsV2/Eunjun_ChoiEunjun.jpeg
Laon,Shin Kyuhyun,신규현,ENOi,South Korea,male_idolsV2/Laon_ShinKyuhyun.webp
Dojin,Jeon Yongtae,전용태,ENOi,South Korea,male_idolsV2/Dojin_JeonYongtae.webp
Hamin,Jo Hamin,조하민,ENOi,South Korea,male_idolsV2/Hamin_JoHamin.png
Donghyuk,Park Donghyuk,박동혁,BLANK2Y,South Korea,male_idolsV2/Donghyuk_ParkDonghyuk.png
Kevin,Park Jinwoo,박진우,OMEGA X,South Korea,male_idolsV2/Kevin_ParkJinwoo.jpeg
Junghoon,Han Jeonghoon,한정훈,OMEGA X,South Korea,male_idolsV2/Junghoon_HanJeonghoon.png
Hyuk,Yang Hyuk,양혁,OMEGA X,South Korea,male_idolsV2/Hyuk_YangHyuk.png
Ji Hansol,Ji Hansol,지한솔,Newkidd,South Korea,male_idolsV2/JiHansol_JiHansol.png
Choi Jiann,Choi Jaewoo,최재우,Newkidd,South Korea,male_idolsV2/ChoiJiann_ChoiJaewoo.png
Jinkwon,Kim Jinkwon,김진권,Newkidd,South Korea,male_idolsV2/Jinkwon_KimJinkwon.png
Yunmin,Yun Min,윤민,Newkidd,South Korea,male_idolsV2/Yunmin_YunMin.jpeg
Hwi,Jo Mingyu,조민규,Newkidd,South Korea,male_idolsV2/Hwi_JoMingyu.png
Woochul,Shin Woochul,신우철,Newkidd,South Korea,male_idolsV2/Woochul_ShinWoochul.webp
Seungchan,Kang Seungchan,강승찬,Newkidd,South Korea,male_idolsV2/Seungchan_KangSeungchan.png
BX,Lee Byounggon,이병곤,CIX,South Korea,male_idolsV2/BX_LeeByounggon.jpeg
Seunghun,Kim Seunghun,김승훈 ,CIX,South Korea,male_idolsV2/Seunghun_KimSeunghun.png
Yonghee,Kim Yonghee,김용희,CIX,South Korea,male_idolsV2/Yonghee_KimYonghee.jpeg
Hyunsuk,Yoon Hyunsuk,윤현석,CIX,South Korea,male_idolsV2/Hyunsuk_YoonHyunsuk.jpeg
Jeon Woong,Jeon Woong,전웅,AB6IX,South Korea,male_idolsV2/JeonWoong_JeonWoong.png
Seoham,Park Seoham,박서함,KNK,South Korea,male_idolsV2/Seoham_ParkSeoham.jpeg
Dongwon,Lee Dongwon,이동원,KNK,South Korea,male_idolsV2/Dongwon_LeeDongwon.png
Inseong,Jeong Inseong,정인성,KNK,South Korea,male_idolsV2/Inseong_JeongInseong.webp
Jihun,Kim Jihun,김지훈,KNK,South Korea,male_idolsV2/Jihun_KimJihun.webp
Heejun,Oh Heejun,오희준,KNK,South Korea,male_idolsV2/Heejun_OhHeejun.webp
Jiahn,Yoo Jiahn,유지안,IN2IT,South Korea,male_idolsV2/Jiahn_YooJiahn.jpeg
Yeontae,Jeong Yeontae,정연태,IN2IT,South Korea,male_idolsV2/Yeontae_JeongYeontae.jpeg
Inho,Hwang Inho,황인호,IN2IT,South Korea,male_idolsV2/Inho_HwangInho.png
Hyunuk,Han Hyunuk,한현욱,IN2IT,South Korea,male_idolsV2/Hyunuk_HanHyunuk.png
Isaac,Voo Isaak,부 아이젝,IN2IT,Malaysia,male_idolsV2/Isaac_VooIsaak.jpeg
Inpyo,Lee Inpyo,이인표,IN2IT,South Korea,male_idolsV2/Inpyo_LeeInpyo.png
Sunghyun,Kim Sunghyun,김성현,IN2IT,South Korea,male_idolsV2/Sunghyun_KimSunghyun.png
Moonvok,Jang Moonvok,장문복,Limitless,South Korea,male_idolsV2/Moonvok_JangMoonvok.png
Hwichan,Lee Heechan,이휘찬,Limitless,South Korea,male_idolsV2/Hwichan_LeeHeechan.jpeg
A.M,Seong Hyunwoo,성현우,Limitless,South Korea,male_idolsV2/A.M_SeongHyunwoo.png
Heeseok,Yun Heeseok,윤희석 ,Limitless,South Korea,male_idolsV2/Heeseok_YunHeeseok.png
Eson,Kim Jungmin,김정민,We In The Zone,South Korea,male_idolsV2/Eson_KimJungmin.jpeg
Jooan,Im Jimyoung,임지명,We In The Zone,South Korea,male_idolsV2/Jooan_ImJimyoung.jpeg
Kyeongheon,Yoon Kyeongheon,윤경헌,We In The Zone,South Korea,male_idolsV2/Kyeongheon_YoonKyeongheon.jpeg
Min,Lee Mincheon,이민천,We In The Zone,South Korea,male_idolsV2/Min_LeeMincheon.jpeg
Shihyun,Kim Shihyun,김시현,We In The Zone,South Korea,male_idolsV2/Shihyun_KimShihyun.webp
Yixuan,Zhou Yixuan,조이쉔,UNIQ,China,male_idolsV2/Yixuan_ZhouYixuan.webp
Sungjoo,Kim Sungjoo,김성주,UNIQ,South Korea,male_idolsV2/Sungjoo_KimSungjoo.png
Wenhan,Li Wenhan,리원한,UNIQ,China,male_idolsV2/Wenhan_LiWenhan.jpeg
Seungyoon,Cho Seungyoon,조승연,UNIQ,South Korea,male_idolsV2/Seungyoon_ChoSeungyoon.jpeg
Yibo,Wang Yibo,왕이보,UNIQ,China,male_idolsV2/Yibo_WangYibo.jpeg
Yohan,Kim Yohan,김요한,WEi,South Korea,male_idolsV2/Yohan_KimYohan.webp
Junho,Cha Junho,차준호,DRIPPIN,South Korea,male_idolsV2/Junho_ChaJunho.jpeg
Dongpyo,Son Dongpyo,손동표,Mirae,South Korea,male_idolsV2/Dongpyo_SonDongpyo.jpeg
Minhee,Kang Minhee,강민희,CRAVITY,South Korea,male_idolsV2/Minhee_KangMinhee.jpeg
Eunsang,Lee Eunsang,이은상,YOUNITE,South Korea,male_idolsV2/Eunsang_LeeEunsang.jpeg
Hyeongjun,Song Hyeongjun,송형준,CRAVITY,South Korea,male_idolsV2/Hyeongjun_SongHyeongjun.jpeg
Dohyon,Nam Dohyon,남도현,BAE173,South Korea,male_idolsV2/Dohyon_NamDohyon.png
Wondae,Seol Wondae,설원대,Dongkiz,South Korea,male_idolsV2/Wondae_SeolWondae.png
Kyungyoon,Lee Kyungyoon,이경윤,Dongkiz,South Korea,male_idolsV2/Kyungyoon_LeeKyungyoon.png
Munik,Jang Moonik,장문익,Dongkiz,South Korea,male_idolsV2/Munik_JangMoonik.webp
Jaechan,Park Jaechan,박재찬,Dongkiz,South Korea,male_idolsV2/Jaechan_ParkJaechan.png
Jonghyeong,Kim Jonghyeong,김종형,Dongkiz,South Korea,male_idolsV2/Jonghyeong_KimJonghyeong.png
Yonggeun,Jo Yonggeun,조용근 ,D1CE,South Korea,male_idolsV2/Yonggeun_JoYonggeun.jpeg
Hyunsoo,Kim Hyunsoo,김현수,D1CE,South Korea,male_idolsV2/Hyunsoo_KimHyunsoo.png
Yoojun,Jun Yoojun,정유준 ,D1CE,South Korea,male_idolsV2/Yoojun_JunYoojun.jpeg
Woodam,Park Woodam,박우담,D1CE,South Korea,male_idolsV2/Woodam_ParkWoodam.png
Jinyoung,Woo Jinyoung,우진영,D1CE,South Korea,male_idolsV2/Jinyoung_WooJinyoung.jpeg
Taedong,Kim Taedong,김태동,OMEGA X,South Korea,male_idolsV2/Taedong_KimTaedong.webp
Yehyeon,Kim Yehyeon,김예현,GIDONGDAE,South Korea,male_idolsV2/Yehyeon_KimYehyeon.webp
Wonjin,Won Jin,원진,GIDONGDAE,South Korea,male_idolsV2/Wonjin_WonJin.png
Youngho,Noh Youngho,노영호,SIGNAL,South Korea,male_idolsV2/Youngho_NohYoungho.png
Gihwan,Kim Gihwan,김기환,SIGNAL,South Korea,male_idolsV2/Gihwan_KimGihwan.png
Kyuhwan,Lee Kyuhwan,이규환,SIGNAL,South Korea,male_idolsV2/Kyuhwan_LeeKyuhwan.png
Bokeun,Kim Bokeun,김복은,SIGNAL,South Korea,male_idolsV2/Bokeun_KimBokeun.png
Kain,Bang Junho,방준호,ARGON,South Korea,male_idolsV2/Kain_BangJunho.webp
Haneul,Lee Haneul,이하늘,ARGON,South Korea,male_idolsV2/Haneul_LeeHaneul.jpeg
Roel,Kim Sunho,김선호,ARGON,South Korea,male_idolsV2/Roel_KimSunho.webp
Yeoun,Lee Kyeongbin,이경빈,ARGON,South Korea,male_idolsV2/Yeoun_LeeKyeongbin.jpeg
Gon,Kim Seongjung,김성중,ARGON,South Korea,male_idolsV2/Gon_KimSeongjung.png
Jaeun,Ha Jaeun,한재운,ARGON,South Korea,male_idolsV2/Jaeun_HaJaeun.webp
Kookheon,Kim Kookheon,김국헌,B.O.Y,South Korea,male_idolsV2/Kookheon_KimKookheon.webp
Yuvin,Song Yuvin,송유빈,B.O.Y,South Korea,male_idolsV2/Yuvin_SongYuvin.png
Kim Yoon,Kim Seongsu,김성수,DUSTIN,South Korea,male_idolsV2/KimYoon_KimSeongsu.jpeg
Siu,Hwang Inseok,황인석,DUSTIN,South Korea,male_idolsV2/Siu_HwangInseok.webp
Daon,Ahn Seonil,안선일,DUSTIN,South Korea,male_idolsV2/Daon_AhnSeonil.jpeg
Seunghan,Lee Seunghan,이승한,DUSTIN,South Korea,male_idolsV2/Seunghan_LeeSeunghan.jpeg
Hwani,Jo Sihyeon,조시환,DUSTIN,South Korea,male_idolsV2/Hwani_JoSihyeon.jpeg
JJ,Jun Jihyeok,전진혁,DUSTIN,South Korea,male_idolsV2/JJ_JunJihyeok.png
BEL,Choi Sunghoon,최성훈,DUSTIN,South Korea,male_idolsV2/BEL_ChoiSunghoon.png
Love,Park Jisung,박지성,,South Korea,male_idolsV2/Love_ParkJisung.jpeg
KB,Shin Kyubin,신규빈,OnlyOneOf,South Korea,male_idolsV2/KB_ShinKyubin.jpeg
Junji,Kim Junhyung,김준형,OnlyOneOf,South Korea,male_idolsV2/Junji_KimJunhyung.jpeg
Yoojung,Lee Taeyeop,이태엽,OnlyOneOf,South Korea,male_idolsV2/Yoojung_LeeTaeyeop.jpeg
Rie,Lee Seungho,이성호,OnlyOneOf,South Korea,male_idolsV2/Rie_LeeSeungho.jpeg
Mill,Lee Yongsoo,이용수,OnlyOneOf,South Korea,male_idolsV2/Mill_LeeYongsoo.jpeg
Nine,Jung Wookjin,정욱진,OnlyOneOf,South Korea,male_idolsV2/Nine_JungWookjin.jpeg
Castle J,Son Sangjoon,손성준,MCND,South Korea,male_idolsV2/CastleJ_SonSangjoon.jpeg
Bic,Nam Seungmin,남승민,MCND,South Korea,male_idolsV2/Bic_NamSeungmin.png
Minjae,Song Minjae,송민재,MCND,South Korea,male_idolsV2/Minjae_SongMinjae.png
Huijun,Noh Huijun,노휘준,MCND,South Korea,male_idolsV2/Huijun_NohHuijun.webp
Win,Bang Junhyuk,방준혁,MCND,South Korea,male_idolsV2/Win_BangJunhyuk.png
Changgyu,Song Changgyu,송창규,UNVS,South Korea,male_idolsV2/Changgyu_SongChanggyu.png
YY,Kim Moonyong,김문용,UNVS,South Korea,male_idolsV2/YY_KimMoonyong.jpeg
Jen,Kim Yehyeon,김예현,UNVS,South Korea,male_idolsV2/Jen_KimYehyeon.jpeg
Jun H.,Im Joonhyun,임준현,UNVS,South Korea,male_idolsV2/JunH._ImJoonhyun.png
Eunho,Shin Donggeun,신동근,UNVS,South Korea,male_idolsV2/Eunho_ShinDonggeun.png
Jinwoo,Lee Jinwoo,이진우,Ghost9,South Korea,male_idolsV2/Jinwoo_LeeJinwoo.jpeg
Taesung,Lee Taesung,이태승,,South Korea,male_idolsV2/Taesung_LeeTaesung.jpeg
Woojin,Lee Woojin,이우진,Ghost9,South Korea,male_idolsV2/Woojin_LeeWoojin.jpeg
Serim,Park Serim,박세림,CRAVITY,South Korea,male_idolsV2/Serim_ParkSerim.jpeg
Allen,Allen Ma,앨런 마,CRAVITY,USA,male_idolsV2/Allen_AllenMa.jpeg
Jungmo,Koo Jungmo,구정모,CRAVITY,South Korea,male_idolsV2/Jungmo_KooJungmo.jpeg
Woobin,Seo Woobin,서우빈,CRAVITY,South Korea,male_idolsV2/Woobin_SeoWoobin.jpeg
Wonjin,Ham Wonjin,함원진,CRAVITY,South Korea,male_idolsV2/Wonjin_HamWonjin.jpeg
Taeyoung,Kim Taeyoung,김태영,CRAVITY,South Korea,male_idolsV2/Taeyoung_KimTaeyoung.jpeg
Seongmin,Ahn Seongmin,안성민,CRAVITY,South Korea,male_idolsV2/Seongmin_AhnSeongmin.jpeg
Chihoon,Choi Chihoon,최치훈,TOO,South Korea,male_idolsV2/Chihoon_ChoiChihoon.jpeg
Donggeon,Song Donggeon,송동건,TOO,South Korea,male_idolsV2/Donggeon_SongDonggeon.jpeg
Chan,Jo Chanhyuk,조찬혁,TOO,South Korea,male_idolsV2/Chan_JoChanhyuk.jpeg
Jisu,Choi Jisu,최지수,TOO,South Korea,male_idolsV2/Jisu_ChoiJisu.jpeg
Minsu,Kim Minsu,김민수,TOO,South Korea,male_idolsV2/Minsu_KimMinsu.jpeg
Jaeyun,Lee Jaeyun,이재윤,TOO,South Korea,male_idolsV2/Jaeyun_LeeJaeyun.webp
J.YOU,Kim Jaeyu,김제유,TOO,South Korea,male_idolsV2/J.YOU_KimJaeyu.jpeg
Kyungho,Jang Kyungho,장경호,TOO,South Korea,male_idolsV2/Kyungho_JangKyungho.jpeg
Seongmin,Oh Sungmin,오성민,ONE PACT,South Korea,male_idolsV2/Seongmin_OhSungmin.jpeg
Woonggi,Cha Woonggi,차웅기,TOO,South Korea,male_idolsV2/Woonggi_ChaWoonggi.jpeg
Seokhwa,Kang Seokhwa,강석화,WEi,South Korea,male_idolsV2/Seokhwa_KangSeokhwa.webp
Rano,Byun Yongseop,변용섭,E'LAST,South Korea,male_idolsV2/Rano_ByunYongseop.png
Won Hyuk,Won Hyuk,원혁,E'LAST,South Korea,male_idolsV2/WonHyuk_WonHyuk.png
Wonjun,Lee Wonjun,이원준,E'LAST,South Korea,male_idolsV2/Wonjun_LeeWonjun.jpeg
Choi In,Choi In,최인,E'LAST,South Korea,male_idolsV2/ChoiIn_ChoiIn.jpeg
Seungyeop,Choi Seungyeop,최승엽,E'LAST,South Korea,male_idolsV2/Seungyeop_ChoiSeungyeop.jpeg
Baekgyeul,Baek Sunwoo,백결,E'LAST,South Korea,male_idolsV2/Baekgyeul_BaekSunwoo.jpeg
Romin,Choi Youngmin,최영민,E'LAST,South Korea,male_idolsV2/Romin_ChoiYoungmin.jpeg
Yejun,Oh Yejun,오예준,E'LAST,South Korea,male_idolsV2/Yejun_OhYejun.jpeg
Minho,Lee Minho,이민호,MY.st,South Korea,male_idolsV2/Minho_LeeMinho.jpeg
Juntae,Kim Juntae,김준태,MY.st,South Korea,male_idolsV2/Juntae_KimJuntae.jpeg
Woncheol,Jung Woncheol,정원철,MY.st,South Korea,male_idolsV2/Woncheol_JungWoncheol.jpeg
Woojin,Lee Woojin,이우진,MY.st,South Korea,male_idolsV2/Woojin_LeeWoojin.png
Keonwoo,Kim Keonwoo,김건우,MY.st,South Korea,male_idolsV2/Keonwoo_KimKeonwoo.jpeg
Junghwan,So Junghwan,소정환,Treasure,South Korea,male_idolsV2/Junghwan_SoJunghwan.jpeg
Lee Hyeop,Lee Hyeop,이협,DRIPPIN,South Korea,male_idolsV2/LeeHyeop_LeeHyeop.png
Yunseong,Hwang Yunseong,황윤성,DRIPPIN,South Korea,male_idolsV2/Yunseong_HwangYunseong.png
Changuk,Joo Changuk,주창욱,DRIPPIN,South Korea,male_idolsV2/Changuk_JooChanguk.png
Dongyun,Kim Dongyun,김동윤,DRIPPIN,South Korea,male_idolsV2/Dongyun_KimDongyun.png
Minseo,Kim Minseo,김민서,DRIPPIN,South Korea,male_idolsV2/Minseo_KimMinseo.png
Alex,Alexander Schmidt Lee,알렉산더 슈미트 리,DRIPPIN,Germany,male_idolsV2/Alex_AlexanderSchmidtLee.png
Dongjun,Hwang Dongjun,황동준,,South Korea,male_idolsV2/Dongjun_HwangDongjun.jpeg
Junhyung,Son Junhyung,손준형,Ghost9,South Korea,male_idolsV2/Junhyung_SonJunhyung.jpeg
Kangsung,Lee Kangsung,이강성,Ghost9,South Korea,male_idolsV2/Kangsung_LeeKangsung.jpeg
Junseong,Choi Junseong,최준성,Ghost9,South Korea,male_idolsV2/Junseong_ChoiJunseong.png
Prince,Pasidh Vataniyapromote,파싯 와타니야쁘라못,Ghost9,Thailand,male_idolsV2/Prince_PasidhVataniyapromote.png
Keeho,Yoon Kiho,윤기호,P1Harmony,Canada,male_idolsV2/Keeho_YoonKiho.jpeg
Jiung,Choi Jiwoong,최지웅,P1Harmony,South Korea,male_idolsV2/Jiung_ChoiJiwoong.jpeg
Intak,Hwang Intak,황인탁,P1Harmony,South Korea,male_idolsV2/Intak_HwangIntak.jpeg
Soul,Haku Shota,하쿠 쇼타,P1Harmony,Japan,male_idolsV2/Soul_HakuShota.jpeg
Jongseob,Kim Jongseob,김종섭,P1Harmony,South Korea,male_idolsV2/Jongseob_KimJongseob.jpeg
Jungwon,Yang Jungwon,양정원,ENHYPEN,South Korea,male_idolsV2/Jungwon_YangJungwon.jpeg
Jay,Park Jongsung,박종성,ENHYPEN,South Korea,male_idolsV2/Jay_ParkJongsung.jpeg
Jake,Shim Jaeyoon,심재윤,ENHYPEN,South Korea,male_idolsV2/Jake_ShimJaeyoon.jpeg
Ni-Ki,Nishimura Riki,니시무라 리키,ENHYPEN,Japan,male_idolsV2/Ni-Ki_NishimuraRiki.jpeg
Heeseung,Lee Heeseung,이희승,ENHYPEN,South Korea,male_idolsV2/Heeseung_LeeHeeseung.jpeg
Sunghoon,Park Sunghoon,박성훈,ENHYPEN,South Korea,male_idolsV2/Sunghoon_ParkSunghoon.jpeg
Sunoo,Kim Sunwoo,김선우,ENHYPEN,South Korea,male_idolsV2/Sunoo_KimSunwoo.jpeg
Shin,Kim Suhyun,김수현,Ghost9,South Korea,male_idolsV2/Shin_KimSuhyun.jpeg
Theo,Choi Taeyang,최태양,P1Harmony,South Korea,male_idolsV2/Theo_ChoiTaeyang.jpeg
E-Chan,Lee Changmin,이창민,DKB,South Korea,male_idolsV2/E-Chan_LeeChangmin.jpeg
D1,Jang Dongil,장동일,DKB,South Korea,male_idolsV2/D1_JangDongil.jpeg
Teo,Jang Sungsik,장성식,DKB,South Korea,male_idolsV2/Teo_JangSungsik.jpeg
GK,Kim Kwanghyun,김광현,DKB,South Korea,male_idolsV2/GK_KimKwanghyun.jpeg
Heechan,Yang Heechan,양희찬,DKB,South Korea,male_idolsV2/Heechan_YangHeechan.jpeg
Lune,Jung Sungmin,정성민,DKB,South Korea,male_idolsV2/Lune_JungSungmin.jpeg
Junseo,Hwang Junseo,황준서,DKB,South Korea,male_idolsV2/Junseo_HwangJunseo.jpeg
Yuku,Amanumu Yuku,아마누마 유쿠,DKB,Japan,male_idolsV2/Yuku_AmanumuYuku.jpeg
Harry-June,Han Harry-June,한해리준,DKB,South Korea,male_idolsV2/Harry-June_HanHarry-June.jpeg
Nason,Kim Duyeop,김두엽,CHECKMATE,South Korea,male_idolsV2/Nason_KimDuyeop.png
Yongseok,Choi Yongseok,최용석,CHECKMATE,South Korea,male_idolsV2/Yongseok_ChoiYongseok.png
Noah,Hwang Seundae,황승대 ,CHECKMATE,South Korea,male_idolsV2/Noah_HwangSeundae.webp
J-Min,Jeon Minwook,전민욱,BAE173,South Korea,male_idolsV2/J-Min_JeonMinwook.jpeg
Yoojun,Jung Gun,정건,BAE173,South Korea,male_idolsV2/Yoojun_JungGun.jpeg
Muzin,Kim Hyunwoo,김현우,BAE173,South Korea,male_idolsV2/Muzin_KimHyunwoo.jpeg
Junseo,Park Junseo,박준서,BAE173,South Korea,male_idolsV2/Junseo_ParkJunseo.png
Youngseo,Ryu Youngseo,류영서,BAE173,South Korea,male_idolsV2/Youngseo_RyuYoungseo.png
Doha,Na Gyumin,나규민,BAE173,South Korea,male_idolsV2/Doha_NaGyumin.png
Bit,No Minjae,노민재,BAE173,South Korea,male_idolsV2/Bit_NoMinjae.png
Shotaro,Osaki Shotaro,오사키 쇼타로,RIIZE,Japan,male_idolsV2/Shotaro_OsakiShotaro.jpeg
Sungchan,Jung Sungchan,정성찬,RIIZE,South Korea,male_idolsV2/Sungchan_JungSungchan.png
Noah,Song Yubin,송유빈,T1419,South Korea,male_idolsV2/Noah_SongYubin.jpeg
Sian,Choi Changmin,최창민 ,T1419,South Korea,male_idolsV2/Sian_ChoiChangmin.jpeg
Kevin,Baek Seungbin,백승빈,T1419,South Korea,male_idolsV2/Kevin_BaekSeungbin.png
Gunwoo,Kim Gunwoo,김건우,T1419,South Korea,male_idolsV2/Gunwoo_KimGunwoo.jpeg
Leo,Hayase Leo,하야세 레오,T1419,Japan,male_idolsV2/Leo_HayaseLeo.jpeg
On,Choi Juhwan,최주환,T1419,South Korea,male_idolsV2/On_ChoiJuhwan.jpeg
Zero,Nasukawa Shota,나스카와 쇼타,T1419,Japan,male_idolsV2/Zero_NasukawaShota.jpeg
Kairi,Imai Kairi,이마이 카이리,T1419,Japan,male_idolsV2/Kairi_ImaiKairi.png
Kio,Udo Musashi,우도 무사시,T1419,South Korea,male_idolsV2/Kio_UdoMusashi.jpeg
Louis,Yang Dongsik,양동식,Kingdom,South Korea,male_idolsV2/Louis_YangDongsik.png
Chiwoo,Guk Seungjun,국승준,Kingdom,South Korea,male_idolsV2/Chiwoo_GukSeungjun.png
Ivan,Park Yooseong,박유성,Kingdom,South Korea,male_idolsV2/Ivan_ParkYooseong.png
Mujin,Ko Sungho,고성호,Kingdom,South Korea,male_idolsV2/Mujin_KoSungho.png
Jahan,Im Jihun,임지훈,Kingdom,South Korea,male_idolsV2/Jahan_ImJihun.png
Eric,Moon Junghyuk,문정혁,Shinhwa,South Korea,male_idolsV2/Eric_MoonJunghyuk.jpeg
Minwoo,Lee Minwoo,이민우,Shinhwa,South Korea,male_idolsV2/Minwoo_LeeMinwoo.jpeg
Dongwan,Kim Dongwan,김동완,Shinhwa,South Korea,male_idolsV2/Dongwan_KimDongwan.png
Shin Hyesung,Jung Pilkyo,정필교,Shinhwa,South Korea,male_idolsV2/ShinHyesung_JungPilkyo.jpeg
Jun Jin,Park Choongjae,박충재,Shinhwa,South Korea,male_idolsV2/JunJin_ParkChoongjae.png
Andy,Lee Sunho,이선호,Shinhwa,South Korea,male_idolsV2/Andy_LeeSunho.png
Tan,Choi Seokwon,최석원,Ciipher,South Korea,male_idolsV2/Tan_ChoiSeokwon.png
Hwi,Lee Choonghyun,이충현,Ciipher,South Korea,male_idolsV2/Hwi_LeeChoonghyun.png
Hyunbin,Moon Hyunbin,문현빈,Ciipher,South Korea,male_idolsV2/Hyunbin_MoonHyunbin.png
Keita,Terazono Keita,테라조노 케이타,Ciipher,Japan,male_idolsV2/Keita_TerazonoKeita.jpeg
TAG,Yeom Taekyun,염태균,ONE PACT,South Korea,male_idolsV2/TAG_YeomTaekyun.png
Dohwan,Gil Dohwan,길도환,Ciipher,South Korea,male_idolsV2/Dohwan_GilDohwan.png
Lien,Shimada Sho,시마다 쇼,Mirae,Japan,male_idolsV2/Lien_ShimadaSho.jpeg
Junhyuk,Lee Junhyuk,이준혁,Mirae,South Korea,male_idolsV2/Junhyuk_LeeJunhyuk.jpeg
Douhyun,Yoo Douhyun,유도현,Mirae,South Korea,male_idolsV2/Douhyun_YooDouhyun.jpeg
Khael,Lee Sangmin,이상민,Mirae,South Korea,male_idolsV2/Khael_LeeSangmin.jpeg
Siyoung,Park Siyoung,박시영,Mirae,South Korea,male_idolsV2/Siyoung_ParkSiyoung.jpeg
Yubin,Jang Yubin,장유빈,Mirae,South Korea,male_idolsV2/Yubin_JangYubin.jpeg
Juhan,Hong Seunghyun,홍승현,BLITZERS,South Korea,male_idolsV2/Juhan_HongSeunghyun.png
Jinhwa,Choi Jinhwa,최진화,BLITZERS,South Korea,male_idolsV2/Jinhwa_ChoiJinhwa.png
Sya,Lee Junyoung,이준영,BLITZERS,South Korea,male_idolsV2/Sya_LeeJunyoung.png
Lutan,Choi Gyeongseok,최경석,BLITZERS,South Korea,male_idolsV2/Lutan_ChoiGyeongseok.png
Wooju,Cho Wooju,조우주,BLITZERS,South Korea,male_idolsV2/Wooju_ChoWooju.png
Go_U,Jang Junho,고유,BLITZERS,South Korea,male_idolsV2/Go_U_JangJunho.jpeg
Chris,Han Chris,한 크리스,BLITZERS,South Korea,male_idolsV2/Chris_HanChris.jpeg
Andy,Lui Chunyeung,루이쯔양,7 O'clock,Hong Kong,male_idolsV2/Andy_LuiChunyeung.png
Hangyeom,Song Hangyeom,송한겸,OMEGA X,South Korea,male_idolsV2/Hangyeom_SongHangyeom.png
Hyun,Park Sunghyun,박성현,7 O'clock,South Korea,male_idolsV2/Hyun_ParkSunghyun.png
2Soul,Kim Younghoon,김영훈,7 O'clock,South Korea,male_idolsV2/2Soul_KimYounghoon.jpeg
Jeonggyu,Lim Jeonggyu,임정규,7 O'clock,South Korea,male_idolsV2/Jeonggyu_LimJeonggyu.png
Taeyoung,Kim Taeyoung,김태영,7 O'clock,South Korea,male_idolsV2/Taeyoung_KimTaeyoung.webp
Rui,Jang Rui,장루이,7 O'clock,South Korea,male_idolsV2/Rui_JangRui.png
Geonu,Lee Geonwoo,이건우,JUST B,South Korea,male_idolsV2/Geonu_LeeGeonwoo.webp
Bain,Song Byeonghee,송병희,JUST B,South Korea,male_idolsV2/Bain_SongByeonghee.jpeg
Lim Jimin,Lim Jimin,임지민,JUST B,South Korea,male_idolsV2/LimJimin_LimJimin.jpeg
JM,Chu Jimin,추지민,JUST B,South Korea,male_idolsV2/JM_ChuJimin.webp
Sangwoo,Kim Sangwoo,김상우,JUST B,South Korea,male_idolsV2/Sangwoo_KimSangwoo.jpeg
Steven,Kim Steven,킴 스티븐,Luminous,South Korea,male_idolsV2/Steven_KimSteven.png
Suil,Ma Suil,마수일,Luminous,South Korea,male_idolsV2/Suil_MaSuil.png
Youngbin,Jeong Youngbin,정영빈,Luminous,South Korea,male_idolsV2/Youngbin_JeongYoungbin.png
Woobin,Jeong Woobin,정우빈,Luminous,South Korea,male_idolsV2/Woobin_JeongWoobin.png
Wish,Kwak Dawit,곽다윗,EPEX,South Korea,male_idolsV2/Wish_KwakDawit.jpeg
Keum,Keum Donghyun,금동현,EPEX,South Korea,male_idolsV2/Keum_KeumDonghyun.jpeg
Mu,Suh Kyungmin,서경민,EPEX,South Korea,male_idolsV2/Mu_SuhKyungmin.jpeg
A-min,Cho Minwoo,조민우,EPEX,South Korea,male_idolsV2/A-min_ChoMinwoo.jpeg
Baek Seung,Kim Hyunwoo,김현우,EPEX,South Korea,male_idolsV2/BaekSeung_KimHyunwoo.jpeg
Ayden,Kwon Yejun,권예준,EPEX,South Korea,male_idolsV2/Ayden_KwonYejun.jpeg
Yewang,Seo Yewang,서예왕,EPEX,South Korea,male_idolsV2/Yewang_SeoYewang.jpeg
Jeff,Lee Jaeho,이재호,EPEX,South Korea,male_idolsV2/Jeff_LeeJaeho.jpeg
Hanbin,Ngo Ngoc Hung,응오 응옥 흥,TEMPEST,Vietnam,male_idolsV2/Hanbin_NgoNgocHung.jpeg
Hyungseop,Ahn Hyungseop,안형섭,TEMPEST,South Korea,male_idolsV2/Hyungseop_AhnHyungseop.jpeg
