Stage_Name,Full_Name,Korean_Name,Group,Country,File_Name
T.O.P,Choi Seunghyun,최승현,BIGBANG,South Korea,male_idols/T.O.P_ChoiSeunghyun.jpeg
Taeyang,Dong Youngbae,동영배,BIGBANG,South Korea,male_idols/Taeyang_DongYoungbae.jpeg
G-Dragon,Kwon Jiyong,권지용,BIGBANG,South Korea,male_idols/G-Dragon_KwonJiyong.jpeg
Daesung,Daesung,강대성,BIGBANG,South Korea,male_idols/Daesung_Daesung.jpeg
Seungri,Lee Seunghyun,이승현,,South Korea,male_idols/Seungri_LeeSeunghyun.png
Leeteuk,Park Jeongsu,박정수,Super Junior,South Korea,male_idols/Leeteuk_ParkJeongsu.jpeg
Heechul,Kim Heechul,김희철,Super Junior,South Korea,male_idols/Heechul_KimHeechul.png
Yesung,Kim Jongwoon,김종운,Super Junior,South Korea,male_idols/Yesung_KimJongwoon.jpeg
Kangin,Kim Youngwoon,김영운,,South Korea,male_idols/Kangin_KimYoungwoon.jpeg
Sungmin,Lee Sungmin,이성민,Super Junior,South Korea,male_idols/Sungmin_LeeSungmin.jpeg
Shindong,Shin Donghee,신동희,Super Junior,South Korea,male_idols/Shindong_ShinDonghee.jpeg
Eunhyuk,Lee Hyukjae,이혁재,Super Junior,South Korea,male_idols/Eunhyuk_LeeHyukjae.jpeg
Siwon,Choi Siwon,최시원,Super Junior,South Korea,male_idols/Siwon_ChoiSiwon.jpeg
Donghae,Lee Donghae,이동해,Super Junior,South Korea,male_idols/Donghae_LeeDonghae.jpeg
Ryeowook,Kim Ryeowook,김려욱,Super Junior,South Korea,male_idols/Ryeowook_KimRyeowook.jpeg
Kyuhyun,Cho Kyuhyun,조규현,Super Junior,South Korea,male_idols/Kyuhyun_ChoKyuhyun.jpeg
Han Geng,Han Geng,한경,,China,male_idols/HanGeng_HanGeng.jpeg
Kibum,Kim Kibum,김기범,,South Korea,male_idols/Kibum_KimKibum.png
Zhou Mi,Zhou Mi,조미,Super Junior-M,China,male_idols/ZhouMi_ZhouMi.jpeg
Henry,Henry Lau,헨리 라우,Super Junior-M,Canada,male_idols/Henry_HenryLau.jpeg
Onew,Lee Jinki,이진기,SHINee,South Korea,male_idols/Onew_LeeJinki.png
Jonghyun†,Kim Jonghyun,김종현,,South Korea,male_idols/Jonghyun†_KimJonghyun.jpeg
Key,Kim Kibum,김기범,SHINee,South Korea,male_idols/Key_KimKibum.png
Minho,Choi Minho,최민호,SHINee,South Korea,male_idols/Minho_ChoiMinho.png
Taemin,Lee Taemin,이태민,SHINee,South Korea,male_idols/Taemin_LeeTaemin.jpeg
Xiumin,Kim Minseok,김민석,EXO,South Korea,male_idols/Xiumin_KimMinseok.png
Suho,Kim Junmyeon,김준면,EXO,South Korea,male_idols/Suho_KimJunmyeon.png
Lay,Zhang Yixing,장이씽,EXO,China,male_idols/Lay_ZhangYixing.jpeg
Baekhyun,Byun Baekhyun,변백현,EXO,South Korea,male_idols/Baekhyun_ByunBaekhyun.jpeg
Chen,Kim Jongdae,김종대,EXO,South Korea,male_idols/Chen_KimJongdae.jpeg
Chanyeol,Park Chanyeol,박찬열,EXO,South Korea,male_idols/Chanyeol_ParkChanyeol.jpeg
D.O.,Do Kyungsoo,도경수,EXO,South Korea,male_idols/D.O._DoKyungsoo.jpeg
Kai,Kim Jongin,김종인,EXO,South Korea,male_idols/Kai_KimJongin.jpeg
Sehun,Oh Sehun,오세훈,EXO,South Korea,male_idols/Sehun_OhSehun.jpeg
Luhan,Lu Han,루한,,China,male_idols/Luhan_LuHan.png
Kris,Wu Yifan,오역범,,Canada,male_idols/Kris_WuYifan.jpeg
Tao,Hwang Zitao,황자도,,China,male_idols/Tao_HwangZitao.jpeg
Jinyoung,Jung Jinyoung,정진영,,South Korea,male_idols/Jinyoung_JungJinyoung.png
CNU,Shin Dongwoo,신동우,B1A4,South Korea,male_idols/CNU_ShinDongwoo.jpeg
Sandeul,Lee Junghwan,이정환,B1A4,South Korea,male_idols/Sandeul_LeeJunghwan.webp
Baro,Cha Sunwoo,차선우,,South Korea,male_idols/Baro_ChaSunwoo.png
Gongchan,Gong Chansik,공찬식,B1A4,South Korea,male_idols/Gongchan_GongChansik.jpeg
Yongguk,Bang Yongguk,방용국,B.A.P,South Korea,male_idols/Yongguk_BangYongguk.jpeg
Himchan,Kim Himchan,김힘찬,B.A.P,South Korea,male_idols/Himchan_KimHimchan.jpeg
Daehyun,Jung Daehyun,정대현,B.A.P,South Korea,male_idols/Daehyun_JungDaehyun.jpeg
Youngjae,Yoo Youngjae,유영재,B.A.P,South Korea,male_idols/Youngjae_YooYoungjae.jpeg
Jongup,Moon Jongup,문종업,B.A.P,South Korea,male_idols/Jongup_MoonJongup.jpeg
Zelo,Choi Junhong,최준홍,B.A.P,South Korea,male_idols/Zelo_ChoiJunhong.png
Zico,Woo Jiho,우지호,Block B,South Korea,male_idols/Zico_WooJiho.jpeg
Taeil,Lee Taeil,이태일,Block B,South Korea,male_idols/Taeil_LeeTaeil.png
B-Bomb,Lee Minhyuk,이민혁,Block B,South Korea,male_idols/B-Bomb_LeeMinhyuk.png
Jaehyo,Ahn Jaehyo,안재효,Block B,South Korea,male_idols/Jaehyo_AhnJaehyo.jpeg
U-Kwon,Kim Yukwon,김유권,Block B,South Korea,male_idols/U-Kwon_KimYukwon.jpeg
Park Kyung,Park Kyung,박경,Block B,South Korea,male_idols/ParkKyung_ParkKyung.jpeg
P.O,Pyo Jihoon,표지훈,Block B,South Korea,male_idols/P.O_PyoJihoon.jpeg
Doojoon,Yoon Doojoon,윤두준,Highlight,South Korea,male_idols/Doojoon_YoonDoojoon.jpeg
Junhyung,Yong Junyung,용준형,Highlight,South Korea,male_idols/Junhyung_YongJunyung.jpeg
Yoseob,Yang Yoseob,양요섭,Highlight,South Korea,male_idols/Yoseob_YangYoseob.jpeg
Gikwang,Lee Gikwang,이기광,Highlight,South Korea,male_idols/Gikwang_LeeGikwang.jpeg
Dongwoon,Son Dongwoon,손동운,Highlight,South Korea,male_idols/Dongwoon_SonDongwoon.png
Hyunseung,Jang Hyunseung,장현승,,South Korea,male_idols/Hyunseung_JangHyunseung.jpeg
Jin,Kim Seokjin,김석진,BTS,South Korea,male_idols/Jin_KimSeokjin.jpeg
Suga,Min Yoongi,민윤기,BTS,South Korea,male_idols/Suga_MinYoongi.png
J-Hope,Jung Hoseok,정호석,BTS,South Korea,male_idols/J-Hope_JungHoseok.jpeg
RM,Kim Namjoon,김남준,BTS,South Korea,male_idols/RM_KimNamjoon.jpeg
Jimin,Park Jimin,박지민,BTS,South Korea,male_idols/Jimin_ParkJimin.jpeg
V,Kim Taehyung,김태형,BTS,South Korea,male_idols/V_KimTaehyung.jpeg
Jungkook,Jeon Jungkook,전정국,BTS,South Korea,male_idols/Jungkook_JeonJungkook.jpeg
Sungkyu,Kim Sungkyu,김성규,Infinite,South Korea,male_idols/Sungkyu_KimSungkyu.jpeg
Dongwoo,Jang Dongwoo,장동우,Infinite,South Korea,male_idols/Dongwoo_JangDongwoo.jpeg
Woohyun,Nam Woohyun,남우현,Infinite,South Korea,male_idols/Woohyun_NamWoohyun.jpeg
Hoya,Lee Howon,이호원,,South Korea,male_idols/Hoya_LeeHowon.jpeg
Sungyeol,Lee Sungyeol,이성열,Infinite,South Korea,male_idols/Sungyeol_LeeSungyeol.jpeg
L,Kim Myungsoo,김명수,Infinite,South Korea,male_idols/L_KimMyungsoo.jpeg
Sungjong,Lee Sungjong,이성종,Infinite,South Korea,male_idols/Sungjong_LeeSungjong.jpeg
N,Cha Hakyeon,차학연,VIXX,South Korea,male_idols/N_ChaHakyeon.jpeg
Leo,Jung Taekwon,정택운,VIXX,South Korea,male_idols/Leo_JungTaekwon.jpeg
Ken,Lee Jaehwan,이재환 ,VIXX,South Korea,male_idols/Ken_LeeJaehwan.webp
Ravi,Kim Wonsik,김원식,VIXX,South Korea,male_idols/Ravi_KimWonsik.png
Hongbin,Lee Hongbin,이홍빈,VIXX,South Korea,male_idols/Hongbin_LeeHongbin.jpeg
Hyuk,Han Sanghyuk,한상혁 ,VIXX,South Korea,male_idols/Hyuk_HanSanghyuk.png
Jun. K,Kim Minjun,김민준,2PM,South Korea,male_idols/Jun.K_KimMinjun.jpeg
Nichkhun,Nichkhun Horvejkul,닛차쿤 허라웻차꾼,2PM,Thailand,male_idols/Nichkhun_NichkhunHorvejkul.jpeg
Taecyeon,Ok Taecyeon,옥택연,2PM,South Korea,male_idols/Taecyeon_OkTaecyeon.png
Wooyoung,Jang Wooyoung,장우영,2PM,South Korea,male_idols/Wooyoung_JangWooyoung.jpeg
Junho,Lee Junho,이준호,2PM,South Korea,male_idols/Junho_LeeJunho.png
Chansung,Hwang Chansung,황찬성,2PM,South Korea,male_idols/Chansung_HwangChansung.jpeg
Jeongkyun,Jeong Jeongkyun,정정균,WE:A,South Korea,male_idols/Jeongkyun_JeongJeongkyun.webp
Ron,Cheon Byeonghwa,천병화,WE:A,South Korea,male_idols/Ron_CheonByeonghwa.webp
Yoosung,Jeong Yoosung,정유성,,South Korea,male_idols/Yoosung_JeongYoosung.jpeg
Z-UK,Jeong Jaewook,정재욱,WE:A,South Korea,male_idols/Z-UK_JeongJaewook.webp
HighTop,Lim Hyeontae,임현태,Bigflo,South Korea,male_idols/HighTop_LimHyeontae.jpeg
Kichun,Hwang Kichun,황기천,WE:A,South Korea,male_idols/Kichun_HwangKichun.webp
Eunkwang,Seo Eunkwang,서은광,BtoB,South Korea,male_idols/Eunkwang_SeoEunkwang.jpeg
Minhyuk,Lee Minhyuk,이민혁,BtoB,South Korea,male_idols/Minhyuk_LeeMinhyuk.jpeg
Changsub,Lee Changsub,이창섭,BtoB,South Korea,male_idols/Changsub_LeeChangsub.jpeg
Hyunsik,Lim Hyunsik,임현식 ,BtoB,South Korea,male_idols/Hyunsik_LimHyunsik.jpeg
Peniel,Shin Donggeun,신동근,BtoB,South Korea,male_idols/Peniel_ShinDonggeun.jpeg
Ilhoon,Jung Ilhoon,정일훈,BtoB,South Korea,male_idols/Ilhoon_JungIlhoon.jpeg
Sungjae,Yook Sungjae,육성재,BtoB,South Korea,male_idols/Sungjae_YookSungjae.jpeg
S.Coups,Choi Seungcheol,최승철,Seventeen,South Korea,male_idols/S.Coups_ChoiSeungcheol.webp
Wonwoo,Jeon Wonwoo,전원우,Seventeen,South Korea,male_idols/Wonwoo_JeonWonwoo.jpeg
Mingyu,Kim Mingyu,김민규,Seventeen,South Korea,male_idols/Mingyu_KimMingyu.jpeg
Vernon,Choi Hansol,최한솔,Seventeen,USA,male_idols/Vernon_ChoiHansol.jpeg
Woozi,Lee Jihoon,이지훈,Seventeen,South Korea,male_idols/Woozi_LeeJihoon.jpeg
Jeonghan,Yoon Jeonghan,윤정한,Seventeen,South Korea,male_idols/Jeonghan_YoonJeonghan.jpeg
Joshua,Hong Jisoo,홍지수,Seventeen,USA,male_idols/Joshua_HongJisoo.jpeg
DK,Lee Seongmin,이석민,Seventeen,South Korea,male_idols/DK_LeeSeongmin.png
Seungkwan,Boo Seungkwan,부승관,Seventeen,South Korea,male_idols/Seungkwan_BooSeungkwan.png
Hoshi,Kwon Soonyoung,권순영,Seventeen,South Korea,male_idols/Hoshi_KwonSoonyoung.jpeg
Jun,Weng Junhui,원쥔훼이,Seventeen,China,male_idols/Jun_WengJunhui.jpeg
The8,Xu Minghao,쉬밍하오 ,Seventeen,China,male_idols/The8_XuMinghao.png
Dino,Lee Chan,이찬,Seventeen,South Korea,male_idols/Dino_LeeChan.jpeg
Kyungil,Song Kyungil,송경일,HISTORY,South Korea,male_idols/Kyungil_SongKyungil.png
Dokyun,Na Dokyun,나도균,HISTORY,South Korea,male_idols/Dokyun_NaDokyun.webp
Sihyoung,Kim Sihyoung,김시형,HISTORY,South Korea,male_idols/Sihyoung_KimSihyoung.webp
Jaeho,Kim Jaeho,김재호,HISTORY,South Korea,male_idols/Jaeho_KimJaeho.jpeg
Yijeong,Jang Yijeong,장이정,HISTORY,South Korea,male_idols/Yijeong_JangYijeong.webp
Donghyun,Kim Donghyun,김동현,Boyfriend,South Korea,male_idols/Donghyun_KimDonghyun.jpeg
Hyunseong,Shim Hyunseong,심현성,Boyfriend,South Korea,male_idols/Hyunseong_ShimHyunseong.jpeg
Jeongmin,Lee Jeongmin,이정민,Boyfriend,South Korea,male_idols/Jeongmin_LeeJeongmin.jpeg
Youngmin,Jo Youngmin,조영민,Boyfriend,South Korea,male_idols/Youngmin_JoYoungmin.jpeg
Kwangmin,Jo Kwangmin,조광민,Boyfriend,South Korea,male_idols/Kwangmin_JoKwangmin.jpeg
Minwoo,No Minwoo,노민우,Boyfriend,South Korea,male_idols/Minwoo_NoMinwoo.png
Seyoung,Lee Seyoung,이세영,CROSS GENE,South Korea,male_idols/Seyoung_LeeSeyoung.png
Casper,Chu Xiaoxiang,저효상,CROSS GENE,China,male_idols/Casper_ChuXiaoxiang.webp
Shin,Shin Wonho,신원호,CROSS GENE,South Korea,male_idols/Shin_ShinWonho.png
Takuya,Terada Takuya,테라다 타쿠야,CROSS GENE,Japan,male_idols/Takuya_TeradaTakuya.png
Sangmin,Kim Sangmin,김상민,CROSS GENE,South Korea,male_idols/Sangmin_KimSangmin.webp
Yongseok,Kim Yongseok,김용석,CROSS GENE,South Korea,male_idols/Yongseok_KimYongseok.jpeg
J.seph,Kim Taehyung,김태형,KARD,South Korea,male_idols/J.seph_KimTaehyung.png
BM,Matthew Kim,매튜김,KARD,South Korea,male_idols/BM_MatthewKim.png
Jinho,Jo Jinho,조진호,PENTAGON,South Korea,male_idols/Jinho_JoJinho.png
Hui,Lee Hwitaek,이회택,PENTAGON,South Korea,male_idols/Hui_LeeHwitaek.png
Hongseok,Yang Hongseok,양홍석,PENTAGON,South Korea,male_idols/Hongseok_YangHongseok.jpeg
E'Dawn,Kim Hyojong,김효종,,South Korea,male_idols/E'Dawn_KimHyojong.jpeg
Shinwon,Go Shinwon,고신원,PENTAGON,South Korea,male_idols/Shinwon_GoShinwon.webp
Yeo One,Yeon Changgu,여창구,PENTAGON,South Korea,male_idols/YeoOne_YeonChanggu.webp
Yan An,Yan An,옌안,PENTAGON,China,male_idols/YanAn_YanAn.png
Yuto,Adachi Yuto,아다치 유토,PENTAGON,Japan,male_idols/Yuto_AdachiYuto.png
Kino,Kang Hyungku,강형구,PENTAGON,South Korea,male_idols/Kino_KangHyungku.png
Wooseok,Jeong Wooseok,정우석,PENTAGON,South Korea,male_idols/Wooseok_JeongWooseok.webp
Taeil,Moon Taeil,문태일,NCT,South Korea,male_idols/Taeil_MoonTaeil.jpeg
Taeyong,Lee Taeyong,이태용,NCT,South Korea,male_idols/Taeyong_LeeTaeyong.jpeg
Doyoung,Kim Dongyoung,김동영,NCT,South Korea,male_idols/Doyoung_KimDongyoung.jpeg
Ten,Chittaphon Leechaiyapornkul,칫따폰 리차이야뽄꾼,NCT,Thailand,male_idols/Ten_ChittaphonLeechaiyapornkul.png
Jaehyun,Jung Yoonoh,정윤오,NCT,South Korea,male_idols/Jaehyun_JungYoonoh.jpeg
Mark,Mark Lee,마크 리,NCT,Canada,male_idols/Mark_MarkLee.jpeg
Johnny,John Seo,존 서,NCT,USA,male_idols/Johnny_JohnSeo.webp
Yuta,Nakamoto Yuta,나카모토 유타,NCT,Japan,male_idols/Yuta_NakamotoYuta.jpeg
Winwin,Dong Sicheng,뚱쓰청,NCT,China,male_idols/Winwin_DongSicheng.png
Haechan,Lee Donghyuk,이동혁,NCT,South Korea,male_idols/Haechan_LeeDonghyuk.jpeg
Renjun,Hwang Renjun,황런쥔,NCT,China,male_idols/Renjun_HwangRenjun.png
Jeno,Lee Jeno,이제노,NCT,South Korea,male_idols/Jeno_LeeJeno.png
Jaemin,Na Jaemin,나재민,NCT,South Korea,male_idols/Jaemin_NaJaemin.png
Chenle,Zhong Chenle,중천러,NCT,China,male_idols/Chenle_ZhongChenle.png
Jisung,Park Jisung,박지성,NCT,South Korea,male_idols/Jisung_ParkJisung.png
Soohyun,Shin Soohyun,신수현,U-KISS,South Korea,male_idols/Soohyun_ShinSoohyun.jpeg
Kiseop,Lee Kiseop,이기섭 ,U-KISS,South Korea,male_idols/Kiseop_LeeKiseop.jpeg
Eli,Ellison Kim,엘리슨 킴,U-KISS,USA,male_idols/Eli_EllisonKim.jpeg
Hoon,Yeo Hoonmin,여훈민,U-KISS,South Korea,male_idols/Hoon_YeoHoonmin.jpeg
Kevin,Christopher Woo,크리스토퍼 우,U-KISS,USA,male_idols/Kevin_ChristopherWoo.jpeg
Jun,Lee Junyoung,이준영,U-KISS,South Korea,male_idols/Jun_LeeJunyoung.png
Seungho,Yang Seungho,양승호,MBLAQ,South Korea,male_idols/Seungho_YangSeungho.jpeg
G.O,Jung Byunghee,정병희,MBLAQ,South Korea,male_idols/G.O_JungByunghee.jpeg
Mir,Bang Cheolyong,방철용,MBLAQ,South Korea,male_idols/Mir_BangCheolyong.jpeg
Lee Joon,Lee Changseon,이창선,,South Korea,male_idols/LeeJoon_LeeChangseon.jpeg
Thunder,Park Sanghyun,박상현,,South Korea,male_idols/Thunder_ParkSanghyun.jpeg
C.A.P,Bang Minsoo,방민수,Teen Top,South Korea,male_idols/C.A.P_BangMinsoo.jpeg
Chunji,Lee Chanhee,이찬희,Teen Top,South Korea,male_idols/Chunji_LeeChanhee.webp
L.Joe,Lee Byunghun,이병헌,,South Korea,male_idols/L.Joe_LeeByunghun.jpeg
Niel,Ahn Daniel,안다니엘,Teen Top,South Korea,male_idols/Niel_AhnDaniel.jpeg
Ricky,Yoo Changhyun,유창현,Teen Top,South Korea,male_idols/Ricky_YooChanghyun.png
Changjo,Choi Jonghyun,최종현,Teen Top,South Korea,male_idols/Changjo_ChoiJonghyun.jpeg
MJ,Kim Myungjun,김명준,ASTRO,South Korea,male_idols/MJ_KimMyungjun.png
Jin Jin,Park Jinwoo,박진우,ASTRO,South Korea,male_idols/JinJin_ParkJinwoo.jpeg
Eunwoo,Cha Eunwoo,차은우,ASTRO,South Korea,male_idols/Eunwoo_ChaEunwoo.jpeg
MoonBin†,Moon Bin,문빈,,South Korea,male_idols/MoonBin†_MoonBin.jpeg
Rocky,Park Minhyuk,박민혁,,South Korea,male_idols/Rocky_ParkMinhyuk.jpeg
Sanha,Yoon Sanha,윤산하,ASTRO,South Korea,male_idols/Sanha_YoonSanha.png
Kevin,Kevin Jiyeop Kim,케빈 지엽 킴,ZE:A,South Korea,male_idols/Kevin_KevinJiyeopKim.webp
Kwanghee,Hwang Kwanghee,황광희,ZE:A,South Korea,male_idols/Kwanghee_HwangKwanghee.webp
Siwan,Yim Siwan,임시완,ZE:A,South Korea,male_idols/Siwan_YimSiwan.jpeg
Lee Hoo,Moon Junyoung,이후,ZE:A,South Korea,male_idols/LeeHoo_MoonJunyoung.webp
Taeheon,Kim Taeheon,김태헌,ZE:A,South Korea,male_idols/Taeheon_KimTaeheon.webp
Heechul,Jung Heechul,정희철,ZE:A,South Korea,male_idols/Heechul_JungHeechul.jpeg
Minwoo,Ha Minwoo,하민우,ZE:A,South Korea,male_idols/Minwoo_HaMinwoo.webp
Hyungsik,Park Hyungsik,박형식,ZE:A,South Korea,male_idols/Hyungsik_ParkHyungsik.jpeg
Dongjun,Kim Dongjun,김동준,ZE:A,South Korea,male_idols/Dongjun_KimDongjun.jpeg
Shownu,Son Hyunwoo,손현우,MONSTA X,South Korea,male_idols/Shownu_SonHyunwoo.jpeg
Wonho,Shin Hoseok,신호석,,South Korea,male_idols/Wonho_ShinHoseok.jpeg
Minhyuk,Lee Minhyuk,이민혁,MONSTA X,South Korea,male_idols/Minhyuk_LeeMinhyuk.jpeg
Kihyun,Yoo Kihyun,유기현,MONSTA X,South Korea,male_idols/Kihyun_YooKihyun.jpeg
Hyungwon,Chae Hyungwon,채형원,MONSTA X,South Korea,male_idols/Hyungwon_ChaeHyungwon.png
Jooheon,Lee Jooheon,이주헌,MONSTA X,South Korea,male_idols/Jooheon_LeeJooheon.jpeg
I.M,Lim Changkyun,임창균,MONSTA X,South Korea,male_idols/I.M_LimChangkyun.jpeg
Rain,Jung Jihoon,정지훈,,South Korea,male_idols/Rain_JungJihoon.jpeg
PSY,Park Jaesang,박재상,,South Korea,male_idols/PSY_ParkJaesang.jpeg
Gunwoo,Lee Gunwoo,이건우,MYNAME,South Korea,male_idols/Gunwoo_LeeGunwoo.jpeg
Insoo,Kang Insoo,강인수,MYNAME,South Korea,male_idols/Insoo_KangInsoo.png
Seyong,Kim Seyong,김세용,MYNAME,South Korea,male_idols/Seyong_KimSeyong.png
JunQ,Kang Junkyu,강준규,MYNAME,South Korea,male_idols/JunQ_KangJunkyu.png
Chaejin,Chae Jinseok,채진석,MYNAME,South Korea,male_idols/Chaejin_ChaeJinseok.png
Jinu,Kim Jinwoo,김진우,WINNER,South Korea,male_idols/Jinu_KimJinwoo.jpeg
Hoony,Lee Seunghoon,이승훈,WINNER,South Korea,male_idols/Hoony_LeeSeunghoon.jpeg
Yoon,Kang Seungyoon,강승윤,WINNER,South Korea,male_idols/Yoon_KangSeungyoon.png
Mino,Song Minho,송민호,WINNER,South Korea,male_idols/Mino_SongMinho.jpeg
Taehyun,Nam Taehyun,남태현,,South Korea,male_idols/Taehyun_NamTaehyun.webp
B.I,Kim Hanbin,김한빈,,South Korea,male_idols/B.I_KimHanbin.jpeg
Jay,Kim Jinhwan,김진환,iKON,South Korea,male_idols/Jay_KimJinhwan.png
Song,Song Yunhyeong,송윤형,iKON,South Korea,male_idols/Song_SongYunhyeong.jpeg
Bobby,Kim Jiwon,김지원,iKON,South Korea,male_idols/Bobby_KimJiwon.jpeg
DK,Kim Donghyuk,김동혁,iKON,South Korea,male_idols/DK_KimDonghyuk.webp
Ju-ne,Koo Junhoe,구준회,iKON,South Korea,male_idols/Ju-ne_KooJunhoe.jpeg
Chan,Jung Chanwoo,정찬우,iKON,South Korea,male_idols/Chan_JungChanwoo.jpeg
Jae,Park Jaehyung,박제형,DAY6,South Korea,male_idols/Jae_ParkJaehyung.jpeg
Sungjin,Park Sungjin,박성진,DAY6,South Korea,male_idols/Sungjin_ParkSungjin.jpeg
Young K,Kang Young-hyun,강영현,DAY6,South Korea,male_idols/YoungK_KangYoung-hyun.jpeg
Wonpil,Kim Wonpil,김원필,DAY6,South Korea,male_idols/Wonpil_KimWonpil.webp
Dowoon,Yoon Dowoon,윤도운,DAY6,South Korea,male_idols/Dowoon_YoonDowoon.jpeg
Junhyeok,Kim Junhyeok,임준혁,,South Korea,male_idols/Junhyeok_KimJunhyeok.jpeg
Yonghwa,Jung Yonghwa,정용화,CNBLUE,South Korea,male_idols/Yonghwa_JungYonghwa.jpeg
Jonghyun,Lee Jonghyun,이종현,CNBLUE,South Korea,male_idols/Jonghyun_LeeJonghyun.jpeg
Minhyuk,Kang Minhyuk,강민혁,CNBLUE,South Korea,male_idols/Minhyuk_KangMinhyuk.jpeg
Jungshin,Lee Jungshin,이정신,CNBLUE,South Korea,male_idols/Jungshin_LeeJungshin.jpeg
Jonghoon,Choi Jonghoon,최종훈,FTISLAND,South Korea,male_idols/Jonghoon_ChoiJonghoon.jpeg
Honggi,Lee Honggi,이홍기,FTISLAND,South Korea,male_idols/Honggi_LeeHonggi.jpeg
Jaejin,Lee Jaejin,이재진,FTISLAND,South Korea,male_idols/Jaejin_LeeJaejin.jpeg
Seunghyun,Song Seungyun,송승현,FTISLAND,South Korea,male_idols/Seunghyun_SongSeungyun.jpeg
Minhwan,Choi Minhwan,최민환,FTISLAND,South Korea,male_idols/Minhwan_ChoiMinhwan.jpeg
Kwangjin,Kwon Kwangjin,권광진,N.Flying,South Korea,male_idols/Kwangjin_KwonKwangjin.jpeg
Seunghyub,Lee Seunghyub,이승협,N.Flying,South Korea,male_idols/Seunghyub_LeeSeunghyub.webp
Cha Hoon,Cha Hoon,차훈,N.Flying,South Korea,male_idols/ChaHoon_ChaHoon.jpeg
Jaehyun,Kim Jaehyun,김재현,N.Flying,South Korea,male_idols/Jaehyun_KimJaehyun.jpeg
Inseong,Kim Inseong,김인성,SF9,South Korea,male_idols/Inseong_KimInseong.jpeg
Youngbin,Kim Youngbin,김영빈,SF9,South Korea,male_idols/Youngbin_KimYoungbin.webp
Jaeyoon,Lee Jaeyoon,이재윤,SF9,South Korea,male_idols/Jaeyoon_LeeJaeyoon.png
Dawon,Lee Sanghyuk,이상혁,SF9,South Korea,male_idols/Dawon_LeeSanghyuk.jpeg
Zuho,Bae Juho,백주호,SF9,South Korea,male_idols/Zuho_BaeJuho.jpeg
Rowoon,Kim Seokwoo,김석우,,South Korea,male_idols/Rowoon_KimSeokwoo.jpeg
Taeyang,Yoo Taeyang,유태양,SF9,South Korea,male_idols/Taeyang_YooTaeyang.jpeg
Hwiyoung,Kim Youngkyun,김영균,SF9,South Korea,male_idols/Hwiyoung_KimYoungkyun.jpeg
Chani,Kang Chanhee,강찬희,SF9,South Korea,male_idols/Chani_KangChanhee.png
J-Hoon,Lim Junghoon,임정훈,B.I.G,South Korea,male_idols/J-Hoon_LimJunghoon.png
Benji,Baek Jaewook,배제욱,B.I.G,USA,male_idols/Benji_BaekJaewook.webp
Gunmin,Lee Gunmin,이건민,B.I.G,South Korea,male_idols/Gunmin_LeeGunmin.png
Minpyo,Gook Minpyo,국민표,B.I.G,South Korea,male_idols/Minpyo_GookMinpyo.webp
Heedo,Yoon Heedo,유희도,B.I.G,South Korea,male_idols/Heedo_YoonHeedo.jpeg
Minwoo†,Seo Minwoo,서민우,100%,South Korea,male_idols/Minwoo†_SeoMinwoo.png
Rokhyun,Kim Rokhyun,김록현,FAVE1,South Korea,male_idols/Rokhyun_KimRokhyun.jpeg
Jonghwan,Jo Jonghwan,조종환,FAVE1,South Korea,male_idols/Jonghwan_JoJonghwan.jpeg
Chanyong,Kim Chanyong,김찬용,FAVE1,South Korea,male_idols/Chanyong_KimChanyong.png
Hyukjin,Jang Hyukjin,장혁진,FAVE1,South Korea,male_idols/Hyukjin_JangHyukjin.jpeg
Sanghoon,Lee Sanghoon,이상훈,,South Korea,male_idols/Sanghoon_LeeSanghoon.png
Changbum,Woo Changbum,우창범,,South Korea,male_idols/Changbum_WooChangbum.jpeg
Cory,Hong Joohyung,홍주현,24K,South Korea,male_idols/Cory_HongJoohyung.jpeg
Sungoh,Yoo Sungoh,유성오,,South Korea,male_idols/Sungoh_YooSungoh.jpeg
Kisu,Choi Kisu,최기수,24K,South Korea,male_idols/Kisu_ChoiKisu.png
Daeil,Kim Daeil,김대일,,South Korea,male_idols/Daeil_KimDaeil.jpeg
Jeonguk,Kim Jeonguk,김정욱,24K,South Korea,male_idols/Jeonguk_KimJeonguk.jpeg
Hui,Liang Hui,양휘,24K,China,male_idols/Hui_LiangHui.png
Changsun,Lee Changsun,이창선,24K,South Korea,male_idols/Changsun_LeeChangsun.webp
Jinhong,Kim Jinhong,김진홍,24K,South Korea,male_idols/Jinhong_KimJinhong.webp
Hongseob,Shim Hongseob,심홍섭,24K,South Korea,male_idols/Hongseob_ShimHongseob.png
Onejunn,Jo Wonjun,조원준,Boys Republic,South Korea,male_idols/Onejunn_JoWonjun.webp
Sunwoo,Choi Sunwoo,최선우,Boys Republic,South Korea,male_idols/Sunwoo_ChoiSunwoo.png
Sungjun,Park Sungjun,박성준,Boys Republic,South Korea,male_idols/Sungjun_ParkSungjun.png
Minsu,Park Minsu,김민수,Boys Republic,South Korea,male_idols/Minsu_ParkMinsu.png
Suwoong,Lee Suwoong,이수웅,Boys Republic,South Korea,male_idols/Suwoong_LeeSuwoong.jpeg
JB,Im Jaebum,임재범,GOT7,South Korea,male_idols/JB_ImJaebum.jpeg
Mark,Mark Yien Tuan,마크 이엔 투안,GOT7,USA,male_idols/Mark_MarkYienTuan.jpeg
Jackson,Jackson Wang,잭슨 왕,GOT7,Hong Kong,male_idols/Jackson_JacksonWang.jpeg
Jinyoung,Park Jinyoung,박진영,GOT7,South Korea,male_idols/Jinyoung_ParkJinyoung.png
Youngjae,Choi Youngjae,최영재,GOT7,South Korea,male_idols/Youngjae_ChoiYoungjae.jpeg
BamBam,Kunpimook Bhuwakul,꾼삐묵 부와꾼,GOT7,Thailand,male_idols/BamBam_KunpimookBhuwakul.jpeg
Yugyeom,Kim Yugyeom,김유겸,GOT7,South Korea,male_idols/Yugyeom_KimYugyeom.jpeg
Aron,Kwak Youngmin,곽영민,NU'EST,South Korea,male_idols/Aron_KwakYoungmin.jpeg
JR,Kim Jonghyun,김종현,NU'EST,South Korea,male_idols/JR_KimJonghyun.jpeg
Baekho,Kang Dongho,강동호,NU'EST,South Korea,male_idols/Baekho_KangDongho.jpeg
Minhyun,Hwang Minhyun,황민현,NU'EST,South Korea,male_idols/Minhyun_HwangMinhyun.jpeg
Ren,Choi Minki,최민기,NU'EST,South Korea,male_idols/Ren_ChoiMinki.jpeg
Junhyuk,Choi Junhyuk,최준혁,HOTSHOT,South Korea,male_idols/Junhyuk_ChoiJunhyuk.jpeg
Timoteo,Kim Moongyu,김문규,HOTSHOT,South Korea,male_idols/Timoteo_KimMoongyu.jpeg
Taehyun,Noh Taehyun,노태현,HOTSHOT,South Korea,male_idols/Taehyun_NohTaehyun.jpeg
Sungwoon,Ha Sungwoon,하성운,Wanna One,South Korea,male_idols/Sungwoon_HaSungwoon.png
Yoonsan,Yoon Sanghyuk,윤상혁,HOTSHOT,South Korea,male_idols/Yoonsan_YoonSanghyuk.png
Hojung,Go Hojung,고호정,HOTSHOT,South Korea,male_idols/Hojung_GoHojung.webp
Jisung,Yoon Jisung,윤지성,Wanna One,South Korea,male_idols/Jisung_YoonJisung.jpeg
Seongwu,Ong Seunwu,옹성우,Wanna One,South Korea,male_idols/Seongwu_OngSeunwu.jpeg
Jaehwan,Kim Jaehwan,김재환,Wanna One,South Korea,male_idols/Jaehwan_KimJaehwan.jpeg
Daniel,Kang Daniel,강다니엘,Wanna One,South Korea,male_idols/Daniel_KangDaniel.jpeg
Jihoon,Park Jihoon,박지훈,Wanna One,South Korea,male_idols/Jihoon_ParkJihoon.png
Woojin,Park Woojin,박우진,AB6IX,South Korea,male_idols/Woojin_ParkWoojin.png
Jinyoung,Bae Jinyoung,배진영,CIX,South Korea,male_idols/Jinyoung_BaeJinyoung.jpeg
Daehwi,Lee Daehwi,이대휘,AB6IX,South Korea,male_idols/Daehwi_LeeDaehwi.webp
Lai Kuanlin,Lai Kuanlin,라이관린,Wanna One,Taiwan,male_idols/LaiKuanlin_LaiKuanlin.jpeg
Hyojin,Kim Hyojin,김효진,ONF,South Korea,male_idols/Hyojin_KimHyojin.jpeg
E-tion,Lee Changyoon,이창윤,ONF,South Korea,male_idols/E-tion_LeeChangyoon.jpeg
J-Us,Lee Seungjoon,이승준,ONF,South Korea,male_idols/J-Us_LeeSeungjoon.webp
Wyatt,Shim Jaeyoung,심재영,ONF,South Korea,male_idols/Wyatt_ShimJaeyoung.webp
MK,Park Minkyun,박민균,ONF,South Korea,male_idols/MK_ParkMinkyun.webp
U,Mizuguchi Yuto,미즈구치 유토,ONF,Japan,male_idols/U_MizuguchiYuto.webp
Laun,Kim Minseok,김민석,,South Korea,male_idols/Laun_KimMinseok.webp
Donghun,Lee Donghun,이동훈,A.C.E,South Korea,male_idols/Donghun_LeeDonghun.jpeg
Wow,Kim Seyoon,김세윤,A.C.E,South Korea,male_idols/Wow_KimSeyoon.jpeg
Jun,Park Junhee,박준희,A.C.E,South Korea,male_idols/Jun_ParkJunhee.jpeg
Byeongkwan,Kim Byeongkwan,김병관,A.C.E,South Korea,male_idols/Byeongkwan_KimByeongkwan.jpeg
Chan,Kang Yoochan,강유찬,A.C.E,South Korea,male_idols/Chan_KangYoochan.png
Hweseung,Yoo Hweseung,유회승,N.Flying,South Korea,male_idols/Hweseung_YooHweseung.png
Daeyeol,Lee Daeyeol,이대열,Golden Child,South Korea,male_idols/Daeyeol_LeeDaeyeol.jpeg
Y,Choi Sungyoon,최성윤,Golden Child,South Korea,male_idols/Y_ChoiSungyoon.webp
Jaeseok,Park Jaeseok,박재석,,South Korea,male_idols/Jaeseok_ParkJaeseok.jpeg
Jangjun,Lee Jangjun,이장준,Golden Child,South Korea,male_idols/Jangjun_LeeJangjun.jpeg
TAG,Son Youngtaek,손영택,Golden Child,South Korea,male_idols/TAG_SonYoungtaek.png
Seungmin,Bae Seungmin,배승민,Golden Child,South Korea,male_idols/Seungmin_BaeSeungmin.jpeg
Jaehyun,Bong Jaehyun,봉재현,Golden Child,South Korea,male_idols/Jaehyun_BongJaehyun.jpeg
Jibeom,Kim Jibeom,김지범,Golden Child,South Korea,male_idols/Jibeom_KimJibeom.jpeg
Donghyun,Kim Donghyun,김동현,Golden Child,South Korea,male_idols/Donghyun_KimDonghyun.jpeg
Joochan,Hong Joochan,홍주찬,Golden Child,South Korea,male_idols/Joochan_HongJoochan.jpeg
Bomin,Choi Bomin,최보민,Golden Child,South Korea,male_idols/Bomin_ChoiBomin.png
Jinhoo,Kim Jinwook,김진욱,,South Korea,male_idols/Jinhoo_KimJinwook.png
Kuhn,Noh Sooil,노수일,UP10TION,South Korea,male_idols/Kuhn_NohSooil.png
Kongyeol,Go Minsoo,고민수,UP10TION,South Korea,male_idols/Kongyeol_GoMinsoo.png
Wei,Lee Jinhyuk,이진혁,,South Korea,male_idols/Wei_LeeJinhyuk.jpeg
Bitto,Lee Changhyun,이창현,UP10TION,South Korea,male_idols/Bitto_LeeChanghyun.jpeg
Wooshin,Kim Wooseok,김우석,,South Korea,male_idols/Wooshin_KimWooseok.jpeg
Sunyoul,Seon Yein,선예인,UP10TION,South Korea,male_idols/Sunyoul_SeonYein.png
Gyujin,Han Gyujin,한규진,UP10TION,South Korea,male_idols/Gyujin_HanGyujin.webp
Hwanhee,Lee Hwanhee,이환희,UP10TION,South Korea,male_idols/Hwanhee_LeeHwanhee.jpeg
Xiao,Lee Dongyeol,이동열,UP10TION,South Korea,male_idols/Xiao_LeeDongyeol.jpeg
Kid,Kim Junhoe,김준회,VARSITY,South Korea,male_idols/Kid_KimJunhoe.jpeg
Bullet,Jin Junwoo,진준우,VARSITY,South Korea,male_idols/Bullet_JinJunwoo.webp
Damon,Hu Boohan,후보한,VARSITY,China,male_idols/Damon_HuBoohan.webp
Xiweol,Kang Minseok,강민석,VARSITY,South Korea,male_idols/Xiweol_KangMinseok.webp
Xin,Wang Xinwi,왕씬위,VARSITY,China,male_idols/Xin_WangXinwi.jpeg
Jaebin,Deung Bin,등빈,VARSITY,China,male_idols/Jaebin_DeungBin.webp
Dann,Jung Seungbo,정승보,Kingdom,South Korea,male_idols/Dann_JungSeungbo.png
Riho,Jin Seungwook,진승욱,VARSITY,South Korea,male_idols/Riho_JinSeungwook.jpeg
Anthony,Anthony Lo,엔써니 루오,VARSITY,China,male_idols/Anthony_AnthonyLo.webp
Arthur,Jang Yunho,장윤호,Kingdom,South Korea,male_idols/Arthur_JangYunho.png
Dawon,Cho Dawon,조다원,VARSITY,South Korea,male_idols/Dawon_ChoDawon.png
Manny,Syo Dongchun,쇼동청,VARSITY,China,male_idols/Manny_SyoDongchun.webp
Hamin,Kim Kangmin,김강민,BXB,South Korea,male_idols/Hamin_KimKangmin.jpeg
Hohyeon,Lee Hohyeon,이호현,TRCNG,South Korea,male_idols/Hohyeon_LeeHohyeon.webp
Siwoo,Yoo Siwoo,유시우,BXB,South Korea,male_idols/Siwoo_YooSiwoo.png
Hyunwoo,Kim Hyunwoo,김현우,BXB,South Korea,male_idols/Hyunwoo_KimHyunwoo.jpeg
Jisung,Kim Jisung,김지성,TRCNG,South Korea,male_idols/Jisung_KimJisung.png
Wooyeop,Jo Wooyeop,조우엽,TRCNG,South Korea,male_idols/Wooyeop_JoWooyeop.jpeg
Hakmin,Lee Hakmin,이학민,TRCNG,South Korea,male_idols/Hakmin_LeeHakmin.webp
Taeseon,Yang Taeseon,양태선,TRCNG,South Korea,male_idols/Taeseon_YangTaeseon.jpeg
Hayoung,Choi Hayoung,최하영,TRCNG,South Korea,male_idols/Hayoung_ChoiHayoung.png
Jihun,Kim Jihun,김지훈,BXB,South Korea,male_idols/Jihun_KimJihun.png
Hojoon,Jeon Hojoon,전호준,Topp Dogg,South Korea,male_idols/Hojoon_JeonHojoon.png
Sangdo,Yoo Sangdo,유상도,Topp Dogg,South Korea,male_idols/Sangdo_YooSangdo.png
B-Joo,Kim Byungjoo,김병주,Topp Dogg,South Korea,male_idols/B-Joo_KimByungjoo.png
Xero,Shin Jiho,신지호,Topp Dogg,South Korea,male_idols/Xero_ShinJiho.jpeg
Kim Sanggyun,Kim Sanggyun,김상균,JBJ95,South Korea,male_idols/KimSanggyun_KimSanggyun.jpeg
Yano,Seo Sangwon,서상원,Topp Dogg,South Korea,male_idols/Yano_SeoSangwon.jpeg
Kidoh,Jin Hyosang,진효상,,South Korea,male_idols/Kidoh_JinHyosang.jpeg
Seogoong,Park Hyunho,박현호,,South Korea,male_idols/Seogoong_ParkHyunho.jpeg
Gohn,Kim Dongsung,김동성,,South Korea,male_idols/Gohn_KimDongsung.jpeg
Jenissi,Kim Taeyang,김태양,,South Korea,male_idols/Jenissi_KimTaeyang.jpeg
P-Goon,Park Sehyuk,박세혁,,South Korea,male_idols/P-Goon_ParkSehyuk.jpeg
Nakta,Shin Yooncheol,신윤철,,South Korea,male_idols/Nakta_ShinYooncheol.jpeg
Hansol,Kim Hansol,김한솔,,South Korea,male_idols/Hansol_KimHansol.png
Kenta,Takada Kenta,타카다 켄타,JBJ,Japan,male_idols/Kenta_TakadaKenta.png
Longguo,Jin Longguo,진룽궈,JBJ,China,male_idols/Longguo_JinLongguo.webp
Hyunbin,Kwon Hyunbin,권현빈,JBJ,South Korea,male_idols/Hyunbin_KwonHyunbin.jpeg
Donghan,Kim Donghan,김동한,WEi,South Korea,male_idols/Donghan_KimDonghan.jpeg
Seonglee,Kim Seonglee,김성리,,South Korea,male_idols/Seonglee_KimSeonglee.png
Wontak,Ju Wontak,주원탁,,South Korea,male_idols/Wontak_JuWontak.webp
Kiwon,Lee Kiwon,이기원,GIDONGDAE,South Korea,male_idols/Kiwon_LeeKiwon.webp
Daehyeon,Jang Daehyeon,장대현,WEi,South Korea,male_idols/Daehyeon_JangDaehyeon.jpeg
Eunki,Hong Eunki,홍은기,,South Korea,male_idols/Eunki_HongEunki.png
Hyunmin,Byun Hyunmin,변현민,,South Korea,male_idols/Hyunmin_ByunHyunmin.png
Sunghyuk,Seo Sunghyuk,서성혁,,South Korea,male_idols/Sunghyuk_SeoSunghyuk.webp
Youngmin,Lim Youngmin,임영민,,South Korea,male_idols/Youngmin_LimYoungmin.jpeg
Donghyun,Kim Donghyun,김동현,AB6IX,South Korea,male_idols/Donghyun_KimDonghyun.jpeg
Suhyun,Choi Hyunggeun,최형근 ,SNUPER,South Korea,male_idols/Suhyun_ChoiHyunggeun.png
Sangil,Shim Sangil,심상일,SNUPER,South Korea,male_idols/Sangil_ShimSangil.jpeg
Taewoong,Yoo Taewoong,유태웅,SNUPER,South Korea,male_idols/Taewoong_YooTaewoong.jpeg
Woosung,Choi Sunghyuk,최성혁,SNUPER,South Korea,male_idols/Woosung_ChoiSunghyuk.png
Sangho,Jo Sangho,조상호,SNUPER,South Korea,male_idols/Sangho_JoSangho.png
Sebin,Jang Sebin,장세빈,SNUPER,South Korea,male_idols/Sebin_JangSebin.png
Seokcheol,Lee Seokchul,이석철,TheEastLight,South Korea,male_idols/Seokcheol_LeeSeokchul.jpeg
Eunsung,Lee Eunsung,이은성 ,TheEastLight,South Korea,male_idols/Eunsung_LeeEunsung.jpeg
Seunghyun,Lee Seunghyun,이승현,TheEastLight,South Korea,male_idols/Seunghyun_LeeSeunghyun.png
Junwook,Kim Junwook,김준욱,TheEastLight,South Korea,male_idols/Junwook_KimJunwook.png
Sakang,Jeon Sakang,정사강,TheEastLight,South Korea,male_idols/Sakang_JeonSakang.png
Woojin,Lee Woojin,이우진,TheEastLight,South Korea,male_idols/Woojin_LeeWoojin.webp
Bin,Kwon Soobin,김수빈,Hot Blood Youth,South Korea,male_idols/Bin_KwonSoobin.jpeg
Marco,Lee Hyunggeun,이형근,Hot Blood Youth,South Korea,male_idols/Marco_LeeHyunggeun.jpeg
Taro,Choi Wonjin,최원진,Hot Blood Youth,South Korea,male_idols/Taro_ChoiWonjin.jpeg
Kyuhyuk,Shim Kyuhyuk,심규혁,Hot Blood Youth,South Korea,male_idols/Kyuhyuk_ShimKyuhyuk.jpeg
Jisan,Choi Jinsang,최지상,Hot Blood Youth,South Korea,male_idols/Jisan_ChoiJinsang.jpeg
Taeeun,Moon Taeeun,문태은,IM,South Korea,male_idols/Taeeun_MoonTaeeun.png
Giseok,Jun Giseok,정기석,IM,South Korea,male_idols/Giseok_JunGiseok.png
Hangyul,Lee Hangyul,이한결,BAE173,South Korea,male_idols/Hangyul_LeeHangyul.jpeg
Gijung,Kim Gijung,김기중,IM,South Korea,male_idols/Gijung_KimGijung.webp
Kun,Qian Kun,첸쿤,NCT,China,male_idols/Kun_QianKun.png
Jungwoo,Kim Jungwoo,김정우,NCT,South Korea,male_idols/Jungwoo_KimJungwoo.png
Lucas,Wong Junghei,웡육헤이,,Hong Kong,male_idols/Lucas_WongJunghei.png
Sangyeon,Lee Sangyeon,이상연,The Boyz,South Korea,male_idols/Sangyeon_LeeSangyeon.jpeg
Jacob,Bae Joonyoung,배준영,The Boyz,South Korea,male_idols/Jacob_BaeJoonyoung.jpeg
Younghoon,Kim Younghoon,김영훈,The Boyz,South Korea,male_idols/Younghoon_KimYounghoon.jpeg
Hyunjae,Lee Jaehyun,이재현,The Boyz,South Korea,male_idols/Hyunjae_LeeJaehyun.png
Juyeon,Lee Juyeon,이주연,The Boyz,South Korea,male_idols/Juyeon_LeeJuyeon.png
Kevin,Moon Hyungseo,문형서,The Boyz,Canada,male_idols/Kevin_MoonHyungseo.jpeg
New,Choi Chanhee,최찬희,The Boyz,South Korea,male_idols/New_ChoiChanhee.jpeg
Q,Ji Changmin,지창민,The Boyz,South Korea,male_idols/Q_JiChangmin.jpeg
Juhaknyeon,Ju Haknyeon,주학년,The Boyz,South Korea,male_idols/Juhaknyeon_JuHaknyeon.jpeg
Hwall,Heo Hyunjoon,허현준,,South Korea,male_idols/Hwall_HeoHyunjoon.jpeg
Sunwoo,Kim Sunwoo,김선우,The Boyz,South Korea,male_idols/Sunwoo_KimSunwoo.jpeg
Eric,Son Youngjae,손영재,The Boyz,South Korea,male_idols/Eric_SonYoungjae.jpeg
Bang Chan,Bang Chan,방찬,Stray Kids,Australia,male_idols/BangChan_BangChan.jpeg
Woojin,Kim Woojin,김우진,,South Korea,male_idols/Woojin_KimWoojin.png
Lee Know,Lee Minho,이민호,Stray Kids,South Korea,male_idols/LeeKnow_LeeMinho.jpeg
Changbin,Seo Changbin,서창빈,Stray Kids,South Korea,male_idols/Changbin_SeoChangbin.jpeg
Hyunjin,Hwang Hyunjin,황현진,Stray Kids,South Korea,male_idols/Hyunjin_HwangHyunjin.jpeg
Han,Han Jisung,한지성,Stray Kids,South Korea,male_idols/Han_HanJisung.webp
Felix,Lee Youngbok,이용복,Stray Kids,South Korea,male_idols/Felix_LeeYoungbok.jpeg
Seungmin,Kim Seungmin,김승민,Stray Kids,South Korea,male_idols/Seungmin_KimSeungmin.jpeg
I.N,Yang Jeongin,양정인,Stray Kids,South Korea,male_idols/I.N_YangJeongin.jpeg
Samuel,Kim Samuel,김사무엘,,South Korea,male_idols/Samuel_KimSamuel.png
Seunghwan,Lee Seunghwan,이승환,Romeo,South Korea,male_idols/Seunghwan_LeeSeunghwan.png
Yunsung,Hwang Yunsung,황윤성,Romeo,South Korea,male_idols/Yunsung_HwangYunsung.png
Milo,Kim Minhak,김민학,Romeo,South Korea,male_idols/Milo_KimMinhak.jpeg
Minsung,Kim Minhwi,김민휘,Romeo,South Korea,male_idols/Minsung_KimMinhwi.png
Kyle,Ma Jaekyung,마재경,Romeo,South Korea,male_idols/Kyle_MaJaekyung.png
Hyunkyung,Kim Hyunjong,김현종,Romeo,South Korea,male_idols/Hyunkyung_KimHyunjong.jpeg
Kangmin,Noh Kangmin,노강민,Romeo,South Korea,male_idols/Kangmin_NohKangmin.jpeg
Yonghoon,Jin Yonghoon,진용훈,Onewe,South Korea,male_idols/Yonghoon_JinYonghoon.webp
Harin,Ju Harin,주하린,Onewe,South Korea,male_idols/Harin_JuHarin.jpeg
Kanghyun,Kang Hyungu,강현구,Onewe,South Korea,male_idols/Kanghyun_KangHyungu.webp
Dongmyeong,Son Dongmyeong,곤동명,Onewe,South Korea,male_idols/Dongmyeong_SonDongmyeong.jpeg
Cya,Lee Giwook,이기욱,Onewe,South Korea,male_idols/Cya_LeeGiwook.jpeg
Ravn,Kim Yoongjo,김영조,Oneus,South Korea,male_idols/Ravn_KimYoongjo.jpeg
Seoho,Lee Seoho,이서호,Oneus,South Korea,male_idols/Seoho_LeeSeoho.webp
Leedo,Kim Geonhak,김건학,Oneus,South Korea,male_idols/Leedo_KimGeonhak.webp
Keonhee,Lee Keonhee,김건희,Oneus,South Korea,male_idols/Keonhee_LeeKeonhee.webp
Hwanwoong,Yeo Hwanwoong,여환웅,Oneus,South Korea,male_idols/Hwanwoong_YeoHwanwoong.webp
Xion,Son Dongju,손동주,Oneus,South Korea,male_idols/Xion_SonDongju.webp
Hyunwook,Ji Hyunwook,지현욱,D-CRUNCH,South Korea,male_idols/Hyunwook_JiHyunwook.webp
Hyunho,Lee Hyunho,이현호,D-CRUNCH,South Korea,male_idols/Hyunho_LeeHyunho.png
O.V,Kim Sanchan,김상찬,D-CRUNCH,South Korea,male_idols/O.V_KimSanchan.webp
Hyunoh,Park Hyunoh,백현우,D-CRUNCH,South Korea,male_idols/Hyunoh_ParkHyunoh.webp
Hyunwoo,Baek Hyunwoo,박현오,D-CRUNCH,South Korea,male_idols/Hyunwoo_BaekHyunwoo.png
Minhyuk,Kim Minhyuk,김민혁,D-CRUNCH,South Korea,male_idols/Minhyuk_KimMinhyuk.png
Chanyoung,Kim Chanyoung,김찬영,D-CRUNCH,South Korea,male_idols/Chanyoung_KimChanyoung.png
Jeongseung,Park Jeongseung,박정승,D-CRUNCH,South Korea,male_idols/Jeongseung_ParkJeongseung.png
Dylan,Park Yeonjae,박연재,D-CRUNCH,South Korea,male_idols/Dylan_ParkYeonjae.png
Dongheon,Lee Dongheon,이동헌,Verivery,South Korea,male_idols/Dongheon_LeeDongheon.jpeg
Hoyoung,Bae Hoyoung,배호영,Verivery,South Korea,male_idols/Hoyoung_BaeHoyoung.jpeg
Minchan,Hong Minchan,홍민찬,Verivery,South Korea,male_idols/Minchan_HongMinchan.jpeg
Gyehyeon,Jo Gyehyeon,조계현,Verivery,South Korea,male_idols/Gyehyeon_JoGyehyeon.jpeg
Yeonho,Ju Yeonho,주연호,Verivery,South Korea,male_idols/Yeonho_JuYeonho.jpeg
Yongseung,Kim Yongseung,김용승,Verivery,South Korea,male_idols/Yongseung_KimYongseung.jpeg
Kangmin,Yoo Kangmin,유강민,Verivery,South Korea,male_idols/Kangmin_YooKangmin.jpeg
U-Know Yunho,Jung Yunho,정윤호,TVXQ,South Korea,male_idols/U-KnowYunho_JungYunho.jpeg
Max Changmin,Shim Changmin,심창민,TVXQ,South Korea,male_idols/MaxChangmin_ShimChangmin.jpeg
Jaejoong,Kim Jaejoong,김재중,JYJ,South Korea,male_idols/Jaejoong_KimJaejoong.jpeg
Yoochun,Park Yoochun,박유천,JYJ,South Korea,male_idols/Yoochun_ParkYoochun.jpeg
Xia Junsu,Kim Junsu,김준수,JYJ,South Korea,male_idols/XiaJunsu_KimJunsu.jpeg
Euijin,Lee Euijin,이의진,Bigflo,South Korea,male_idols/Euijin_LeeEuijin.png
Sungmin,Oh Sungmin,오성민,Bigflo,South Korea,male_idols/Sungmin_OhSungmin.png
Lex,Jeon Hyungmin,전형민,Bigflo,South Korea,male_idols/Lex_JeonHyungmin.png
St. Van,Lee Geumhyuk,이금혁,VAV,South Korea,male_idols/St.Van_LeeGeumhyuk.webp
Baron,Choi Chunghyeop,최충협,,South Korea,male_idols/Baron_ChoiChunghyeop.png
Ace,Jang Wooyoung,장우영,VAV,South Korea,male_idols/Ace_JangWooyoung.png
Ayno,Noh Yoonho,노윤호,VAV,South Korea,male_idols/Ayno_NohYoonho.webp
Jacob,Zhang Peng,장펑,VAV,China,male_idols/Jacob_ZhangPeng.png
Lou,Kim Hosung,김호성,VAV,South Korea,male_idols/Lou_KimHosung.png
Ziu,Park Heejun,박희준,VAV,South Korea,male_idols/Ziu_ParkHeejun.png
Hongjoong,Kim Hongjoong,김홍중,ATEEZ,South Korea,male_idols/Hongjoong_KimHongjoong.jpeg
Seonghwa,Park Seonghwa,박성화,ATEEZ,South Korea,male_idols/Seonghwa_ParkSeonghwa.jpeg
Yunho,Jeong Yunho,정윤호,ATEEZ,South Korea,male_idols/Yunho_JeongYunho.jpeg
Yeosang,Kang Yeosang,강여상,ATEEZ,South Korea,male_idols/Yeosang_KangYeosang.jpeg
San,Choi San,최산,ATEEZ,South Korea,male_idols/San_ChoiSan.jpeg
Mingi,Son Mingi,송민기,ATEEZ,South Korea,male_idols/Mingi_SonMingi.jpeg
Wooyoung,Jung Wooyoung,정우영,ATEEZ,South Korea,male_idols/Wooyoung_JungWooyoung.jpeg
Jongho,Choi Jongho,최종호,ATEEZ,South Korea,male_idols/Jongho_ChoiJongho.jpeg
Narachan,Jung Hyunwoo,정현우,MONT,South Korea,male_idols/Narachan_JungHyunwoo.png
Bitsaeon,Kim Sangyeon,김상연,MONT,South Korea,male_idols/Bitsaeon_KimSangyeon.jpeg
Roda,Shin Joongmin,신중민,MONT,South Korea,male_idols/Roda_ShinJoongmin.jpeg
Soobin,Choi Soobin,최수빈,TXT,South Korea,male_idols/Soobin_ChoiSoobin.jpeg
Yeonjun,Choi Yeonjun,최연준,TXT,South Korea,male_idols/Yeonjun_ChoiYeonjun.webp
Beomgyu,Choi Beomgyu,최범규,TXT,South Korea,male_idols/Beomgyu_ChoiBeomgyu.jpeg
Taehyun,Kang Taehyun,강태현,TXT,South Korea,male_idols/Taehyun_KangTaehyun.jpeg
Hueningkai,Kai Kamal Huening,카이 카말 휴닝,TXT,USA,male_idols/Hueningkai_KaiKamalHuening.jpeg
Yongha,Yoo Yongha,유용하,WEi,South Korea,male_idols/Yongha_YooYongha.webp
Louis,Kim Taewoo,김태우,BLANK2Y,South Korea,male_idols/Louis_KimTaewoo.jpeg
Seunghwan,Lee Seunghwan,이승환,1the9,South Korea,male_idols/Seunghwan_LeeSeunghwan.png
Yechan,Shin Yechan,신예찬,OMEGA X,South Korea,male_idols/Yechan_ShinYechan.png
Junseo,Kim Junseo,김준서,WEi,South Korea,male_idols/Junseo_KimJunseo.webp
DY,Jeon Doyum,전도염,JUST B,South Korea,male_idols/DY_JeonDoyum.jpeg
Jinsung,Jung Jinsung,정진성,1the9,South Korea,male_idols/Jinsung_JungJinsung.png
Taekhyeon,Jung Taekhyeon,정택현,1the9,South Korea,male_idols/Taekhyeon_JungTaekhyeon.webp
Won,Park Sungwon,박성원,Ciipher,South Korea,male_idols/Won_ParkSungwon.png
Rubin,Lee Haejoon,이해준,1TEAM,South Korea,male_idols/Rubin_LeeHaejoon.png
BC,Jin Sungho,진성호,1TEAM,South Korea,male_idols/BC_JinSungho.png
XEN,Lee Jinwoo,이진우,OMEGA X,South Korea,male_idols/XEN_LeeJinwoo.webp
Jehyun,Moon Jehyun,문제현,OMEGA X,South Korea,male_idols/Jehyun_MoonJehyun.webp
Junghoon,Lee Junghoon,이정훈,1TEAM,South Korea,male_idols/Junghoon_LeeJunghoon.png
Seungwoo,Han Seungwoo,한승우,VICTON,South Korea,male_idols/Seungwoo_HanSeungwoo.jpeg
Seungsik,Kang Seungsik,강승식,VICTON,South Korea,male_idols/Seungsik_KangSeungsik.png
Heo Chan,Heo Chan,허찬,,South Korea,male_idols/HeoChan_HeoChan.png
Sejun,Lim Sejun,임세준,VICTON,South Korea,male_idols/Sejun_LimSejun.jpeg
Hanse,Do Hanse,도한세,VICTON,South Korea,male_idols/Hanse_DoHanse.png
Byungchan,Choi Byungchan,최병찬,VICTON,South Korea,male_idols/Byungchan_ChoiByungchan.jpeg
Subin,Jung Subin,정수빈,VICTON,South Korea,male_idols/Subin_JungSubin.webp
E.sol,Jeon Jaehyuk,전재혁,14U,South Korea,male_idols/E.sol_JeonJaehyuk.webp
Luha,Lee Gyeonghun,이경훈,14U,South Korea,male_idols/Luha_LeeGyeonghun.webp
Gohyeon,Go Hyeon,고현,14U,South Korea,male_idols/Gohyeon_GoHyeon.jpeg
B.S,Lee Youngsoo,이영수,14U,South Korea,male_idols/B.S_LeeYoungsoo.png
Loudi,Won Jihoon,원지훈,14U,Indonesia,male_idols/Loudi_WonJihoon.png
Eunjae,Kwak Eunjae,곽은재,14U,South Korea,male_idols/Eunjae_KwakEunjae.png
Woojoo,Kim Sangyoon,김상윤,14U,South Korea,male_idols/Woojoo_KimSangyoon.png
Dohyuk,Kim Dohyuk,김도혁,14U,South Korea,male_idols/Dohyuk_KimDohyuk.png
Hyunwoong,Kim Hyunwoong,김현웅,14U,South Korea,male_idols/Hyunwoong_KimHyunwoong.jpeg
Sejin,Lee Sejin,이세진,14U,South Korea,male_idols/Sejin_LeeSejin.jpeg
Youngwoong,Cho Youngwoon,조영웅,14U,South Korea,male_idols/Youngwoong_ChoYoungwoon.png
Rio,Son Gwanghyuk,손광혁,14U,South Korea,male_idols/Rio_SonGwanghyuk.png
Gyeongtae,Kwon Gyeongtae,권경태,14U,South Korea,male_idols/Gyeongtae_KwonGyeongtae.png
Gun,Kwak Gun,곽건,14U,South Korea,male_idols/Gun_KwakGun.png
Seungjun,Ji Seungjun,지승준,Astin,South Korea,male_idols/Seungjun_JiSeungjun.jpeg
Jingyu,Lee Jingyu,이진규,Astin,South Korea,male_idols/Jingyu_LeeJingyu.png
Hongil,Yoon Hongil,윤홍일,Astin,South Korea,male_idols/Hongil_YoonHongil.png
Junghun,Jang Junghun,장정훈,Astin,South Korea,male_idols/Junghun_JangJunghun.png
Yeram,Yang Yeram,양예람,Astin,South Korea,male_idols/Yeram_YangYeram.jpeg
Mir,Lee Yoonsang,이윤상,Astin,South Korea,male_idols/Mir_LeeYoonsang.png
Hyeongseok,Chu Hyeongseok,추형석,Astin,South Korea,male_idols/Hyeongseok_ChuHyeongseok.png
Hyunsuk,Choi Hyunsuk,최현석,Treasure,South Korea,male_idols/Hyunsuk_ChoiHyunsuk.jpeg
Jihoon,Park Jihoon,박지훈,Treasure,South Korea,male_idols/Jihoon_ParkJihoon.jpeg
Yoshi,Kanemoto Yoshinori,카네모토 요시노리,Treasure,Japan,male_idols/Yoshi_KanemotoYoshinori.jpeg
Junkyu,Kim Junkyu,김준규,Treasure,South Korea,male_idols/Junkyu_KimJunkyu.jpeg
Yoonbin,Ha Yoonbin,하윤빈,,South Korea,male_idols/Yoonbin_HaYoonbin.png
Mashiho,Takata Mashiho,타카타 마시호,Treasure,Japan,male_idols/Mashiho_TakataMashiho.jpeg
Jaehyuk,Yoon Jaehyuk,윤재혁,Treasure,South Korea,male_idols/Jaehyuk_YoonJaehyuk.jpeg
Asahi,Hanada Asahi,하나다 아사히,Treasure,Japan,male_idols/Asahi_HanadaAsahi.webp
Yedam,Bang Yedam,방예담,Treasure,South Korea,male_idols/Yedam_BangYedam.jpeg
Doyoung,Kim Doyoung,김도영,Treasure,South Korea,male_idols/Doyoung_KimDoyoung.png
Haruto,Watanabe Haruto,와타나베 하루토,Treasure,Japan,male_idols/Haruto_WatanabeHaruto.png
Jeongwoo,Park Jeongwoo,박정우,Treasure,South Korea,male_idols/Jeongwoo_ParkJeongwoo.jpeg
Hyunjun,Lee Hyunjun,이현준,IZ,South Korea,male_idols/Hyunjun_LeeHyunjun.webp
Jihoo,Lim Soojung,임수정,IZ,South Korea,male_idols/Jihoo_LimSoojung.png
Woosu,Kim Minseok,김민석,IZ,South Korea,male_idols/Woosu_KimMinseok.webp
Junyoung,Lee Junyoung,이준영,IZ,South Korea,male_idols/Junyoung_LeeJunyoung.png
Minjae,Jo Minjae,조민재,Spectrum,South Korea,male_idols/Minjae_JoMinjae.png
Dongkyu,Moon Dongkyu,문동규,Spectrum,South Korea,male_idols/Dongkyu_MoonDongkyu.png
Jaehan,Kim Jaehan,김재한,OMEGA X,South Korea,male_idols/Jaehan_KimJaehan.png
Hwarang,Park Jonghan,박종찬,Spectrum,South Korea,male_idols/Hwarang_ParkJonghan.png
Seunghyun,Lee Seunghyun,이승현,AIMERS,South Korea,male_idols/Seunghyun_LeeSeunghyun.png
Eunjun,Choi Eunjun,최은준,AIMERS,South Korea,male_idols/Eunjun_ChoiEunjun.jpeg
Laon,Shin Kyuhyun,신규현,ENOi,South Korea,male_idols/Laon_ShinKyuhyun.webp
Dojin,Jeon Yongtae,전용태,ENOi,South Korea,male_idols/Dojin_JeonYongtae.webp
Hamin,Jo Hamin,조하민,ENOi,South Korea,male_idols/Hamin_JoHamin.png
Donghyuk,Park Donghyuk,박동혁,BLANK2Y,South Korea,male_idols/Donghyuk_ParkDonghyuk.png
Kevin,Park Jinwoo,박진우,OMEGA X,South Korea,male_idols/Kevin_ParkJinwoo.jpeg
Junghoon,Han Jeonghoon,한정훈,OMEGA X,South Korea,male_idols/Junghoon_HanJeonghoon.png
Hyuk,Yang Hyuk,양혁,OMEGA X,South Korea,male_idols/Hyuk_YangHyuk.png
Ji Hansol,Ji Hansol,지한솔,Newkidd,South Korea,male_idols/JiHansol_JiHansol.png
Choi Jiann,Choi Jaewoo,최재우,Newkidd,South Korea,male_idols/ChoiJiann_ChoiJaewoo.png
Jinkwon,Kim Jinkwon,김진권,Newkidd,South Korea,male_idols/Jinkwon_KimJinkwon.png
Yunmin,Yun Min,윤민,Newkidd,South Korea,male_idols/Yunmin_YunMin.jpg
Hwi,Jo Mingyu,조민규,Newkidd,South Korea,male_idols/Hwi_JoMingyu.png
Woochul,Shin Woochul,신우철,Newkidd,South Korea,male_idols/Woochul_ShinWoochul.webp
Seungchan,Kang Seungchan,강승찬,Newkidd,South Korea,male_idols/Seungchan_KangSeungchan.png
BX,Lee Byounggon,이병곤,CIX,South Korea,male_idols/BX_LeeByounggon.jpeg
Seunghun,Kim Seunghun,김승훈 ,CIX,South Korea,male_idols/Seunghun_KimSeunghun.png
Yonghee,Kim Yonghee,김용희,CIX,South Korea,male_idols/Yonghee_KimYonghee.jpeg
Hyunsuk,Yoon Hyunsuk,윤현석,CIX,South Korea,male_idols/Hyunsuk_YoonHyunsuk.jpeg
Jeon Woong,Jeon Woong,전웅,AB6IX,South Korea,male_idols/JeonWoong_JeonWoong.png
Seoham,Park Seoham,박서함,KNK,South Korea,male_idols/Seoham_ParkSeoham.jpeg
Dongwon,Lee Dongwon,이동원,KNK,South Korea,male_idols/Dongwon_LeeDongwon.png
Inseong,Jeong Inseong,정인성,KNK,South Korea,male_idols/Inseong_JeongInseong.webp
Jihun,Kim Jihun,김지훈,KNK,South Korea,male_idols/Jihun_KimJihun.webp
Heejun,Oh Heejun,오희준,KNK,South Korea,male_idols/Heejun_OhHeejun.webp
Jiahn,Yoo Jiahn,유지안,IN2IT,South Korea,male_idols/Jiahn_YooJiahn.jpeg
Yeontae,Jeong Yeontae,정연태,IN2IT,South Korea,male_idols/Yeontae_JeongYeontae.jpeg
Inho,Hwang Inho,황인호,IN2IT,South Korea,male_idols/Inho_HwangInho.png
Hyunuk,Han Hyunuk,한현욱,IN2IT,South Korea,male_idols/Hyunuk_HanHyunuk.png
Isaac,Voo Isaak,부 아이젝,IN2IT,Malaysia,male_idols/Isaac_VooIsaak.jpeg
Inpyo,Lee Inpyo,이인표,IN2IT,South Korea,male_idols/Inpyo_LeeInpyo.png
Sunghyun,Kim Sunghyun,김성현,IN2IT,South Korea,male_idols/Sunghyun_KimSunghyun.png
Moonvok,Jang Moonvok,장문복,Limitless,South Korea,male_idols/Moonvok_JangMoonvok.png
Hwichan,Lee Heechan,이휘찬,Limitless,South Korea,male_idols/Hwichan_LeeHeechan.jpeg
A.M,Seong Hyunwoo,성현우,Limitless,South Korea,male_idols/A.M_SeongHyunwoo.png
Heeseok,Yun Heeseok,윤희석 ,Limitless,South Korea,male_idols/Heeseok_YunHeeseok.png
Eson,Kim Jungmin,김정민,We In The Zone,South Korea,male_idols/Eson_KimJungmin.jpeg
Jooan,Im Jimyoung,임지명,We In The Zone,South Korea,male_idols/Jooan_ImJimyoung.jpeg
Kyeongheon,Yoon Kyeongheon,윤경헌,We In The Zone,South Korea,male_idols/Kyeongheon_YoonKyeongheon.jpeg
Min,Lee Mincheon,이민천,We In The Zone,South Korea,male_idols/Min_LeeMincheon.jpeg
Shihyun,Kim Shihyun,김시현,We In The Zone,South Korea,male_idols/Shihyun_KimShihyun.webp
Yixuan,Zhou Yixuan,조이쉔,UNIQ,China,male_idols/Yixuan_ZhouYixuan.webp
Sungjoo,Kim Sungjoo,김성주,UNIQ,South Korea,male_idols/Sungjoo_KimSungjoo.png
Wenhan,Li Wenhan,리원한,UNIQ,China,male_idols/Wenhan_LiWenhan.jpeg
Seungyoon,Cho Seungyoon,조승연,UNIQ,South Korea,male_idols/Seungyoon_ChoSeungyoon.jpeg
Yibo,Wang Yibo,왕이보,UNIQ,China,male_idols/Yibo_WangYibo.jpeg
Yohan,Kim Yohan,김요한,WEi,South Korea,male_idols/Yohan_KimYohan.webp
Junho,Cha Junho,차준호,DRIPPIN,South Korea,male_idols/Junho_ChaJunho.jpeg
Dongpyo,Son Dongpyo,손동표,Mirae,South Korea,male_idols/Dongpyo_SonDongpyo.jpeg
Minhee,Kang Minhee,강민희,CRAVITY,South Korea,male_idols/Minhee_KangMinhee.jpeg
Eunsang,Lee Eunsang,이은상,YOUNITE,South Korea,male_idols/Eunsang_LeeEunsang.jpeg
Hyeongjun,Song Hyeongjun,송형준,CRAVITY,South Korea,male_idols/Hyeongjun_SongHyeongjun.jpeg
Dohyon,Nam Dohyon,남도현,BAE173,South Korea,male_idols/Dohyon_NamDohyon.png
Wondae,Seol Wondae,설원대,Dongkiz,South Korea,male_idols/Wondae_SeolWondae.png
Kyungyoon,Lee Kyungyoon,이경윤,Dongkiz,South Korea,male_idols/Kyungyoon_LeeKyungyoon.png
Munik,Jang Moonik,장문익,Dongkiz,South Korea,male_idols/Munik_JangMoonik.webp
Jaechan,Park Jaechan,박재찬,Dongkiz,South Korea,male_idols/Jaechan_ParkJaechan.png
Jonghyeong,Kim Jonghyeong,김종형,Dongkiz,South Korea,male_idols/Jonghyeong_KimJonghyeong.png
Yonggeun,Jo Yonggeun,조용근 ,D1CE,South Korea,male_idols/Yonggeun_JoYonggeun.jpeg
Hyunsoo,Kim Hyunsoo,김현수,D1CE,South Korea,male_idols/Hyunsoo_KimHyunsoo.png
Yoojun,Jun Yoojun,정유준 ,D1CE,South Korea,male_idols/Yoojun_JunYoojun.jpeg
Woodam,Park Woodam,박우담,D1CE,South Korea,male_idols/Woodam_ParkWoodam.png
Jinyoung,Woo Jinyoung,우진영,D1CE,South Korea,male_idols/Jinyoung_WooJinyoung.jpeg
Taedong,Kim Taedong,김태동,OMEGA X,South Korea,male_idols/Taedong_KimTaedong.webp
Yehyeon,Kim Yehyeon,김예현,GIDONGDAE,South Korea,male_idols/Yehyeon_KimYehyeon.webp
Wonjin,Won Jin,원진,GIDONGDAE,South Korea,male_idols/Wonjin_WonJin.png
Youngho,Noh Youngho,노영호,SIGNAL,South Korea,male_idols/Youngho_NohYoungho.png
Gihwan,Kim Gihwan,김기환,SIGNAL,South Korea,male_idols/Gihwan_KimGihwan.png
Kyuhwan,Lee Kyuhwan,이규환,SIGNAL,South Korea,male_idols/Kyuhwan_LeeKyuhwan.png
Bokeun,Kim Bokeun,김복은,SIGNAL,South Korea,male_idols/Bokeun_KimBokeun.png
Kain,Bang Junho,방준호,ARGON,South Korea,male_idols/Kain_BangJunho.webp
Haneul,Lee Haneul,이하늘,ARGON,South Korea,male_idols/Haneul_LeeHaneul.jpeg
Roel,Kim Sunho,김선호,ARGON,South Korea,male_idols/Roel_KimSunho.webp
Yeoun,Lee Kyeongbin,이경빈,ARGON,South Korea,male_idols/Yeoun_LeeKyeongbin.jpeg
Gon,Kim Seongjung,김성중,ARGON,South Korea,male_idols/Gon_KimSeongjung.png
Jaeun,Ha Jaeun,한재운,ARGON,South Korea,male_idols/Jaeun_HaJaeun.webp
Kookheon,Kim Kookheon,김국헌,B.O.Y,South Korea,male_idols/Kookheon_KimKookheon.webp
Yuvin,Song Yuvin,송유빈,B.O.Y,South Korea,male_idols/Yuvin_SongYuvin.png
Kim Yoon,Kim Seongsu,김성수,DUSTIN,South Korea,male_idols/KimYoon_KimSeongsu.jpeg
Siu,Hwang Inseok,황인석,DUSTIN,South Korea,male_idols/Siu_HwangInseok.webp
Daon,Ahn Seonil,안선일,DUSTIN,South Korea,male_idols/Daon_AhnSeonil.jpeg
Seunghan,Lee Seunghan,이승한,DUSTIN,South Korea,male_idols/Seunghan_LeeSeunghan.jpeg
Hwani,Jo Sihyeon,조시환,DUSTIN,South Korea,male_idols/Hwani_JoSihyeon.jpeg
JJ,Jun Jihyeok,전진혁,DUSTIN,South Korea,male_idols/JJ_JunJihyeok.png
BEL,Choi Sunghoon,최성훈,DUSTIN,South Korea,male_idols/BEL_ChoiSunghoon.png
Love,Park Jisung,박지성,,South Korea,male_idols/Love_ParkJisung.jpeg
KB,Shin Kyubin,신규빈,OnlyOneOf,South Korea,male_idols/KB_ShinKyubin.jpeg
Junji,Kim Junhyung,김준형,OnlyOneOf,South Korea,male_idols/Junji_KimJunhyung.jpeg
Yoojung,Lee Taeyeop,이태엽,OnlyOneOf,South Korea,male_idols/Yoojung_LeeTaeyeop.jpeg
Rie,Lee Seungho,이성호,OnlyOneOf,South Korea,male_idols/Rie_LeeSeungho.jpeg
Mill,Lee Yongsoo,이용수,OnlyOneOf,South Korea,male_idols/Mill_LeeYongsoo.jpeg
Nine,Jung Wookjin,정욱진,OnlyOneOf,South Korea,male_idols/Nine_JungWookjin.jpeg
Castle J,Son Sangjoon,손성준,MCND,South Korea,male_idols/CastleJ_SonSangjoon.jpeg
Bic,Nam Seungmin,남승민,MCND,South Korea,male_idols/Bic_NamSeungmin.png
Minjae,Song Minjae,송민재,MCND,South Korea,male_idols/Minjae_SongMinjae.png
Huijun,Noh Huijun,노휘준,MCND,South Korea,male_idols/Huijun_NohHuijun.webp
Win,Bang Junhyuk,방준혁,MCND,South Korea,male_idols/Win_BangJunhyuk.png
Changgyu,Song Changgyu,송창규,UNVS,South Korea,male_idols/Changgyu_SongChanggyu.png
YY,Kim Moonyong,김문용,UNVS,South Korea,male_idols/YY_KimMoonyong.jpeg
Jen,Kim Yehyeon,김예현,UNVS,South Korea,male_idols/Jen_KimYehyeon.jpeg
Jun H.,Im Joonhyun,임준현,UNVS,South Korea,male_idols/JunH._ImJoonhyun.png
Eunho,Shin Donggeun,신동근,UNVS,South Korea,male_idols/Eunho_ShinDonggeun.png
Jinwoo,Lee Jinwoo,이진우,Ghost9,South Korea,male_idols/Jinwoo_LeeJinwoo.jpeg
Taesung,Lee Taesung,이태승,,South Korea,male_idols/Taesung_LeeTaesung.jpeg
Woojin,Lee Woojin,이우진,Ghost9,South Korea,male_idols/Woojin_LeeWoojin.jpeg
Serim,Park Serim,박세림,CRAVITY,South Korea,male_idols/Serim_ParkSerim.jpeg
Allen,Allen Ma,앨런 마,CRAVITY,USA,male_idols/Allen_AllenMa.jpeg
Jungmo,Koo Jungmo,구정모,CRAVITY,South Korea,male_idols/Jungmo_KooJungmo.jpeg
Woobin,Seo Woobin,서우빈,CRAVITY,South Korea,male_idols/Woobin_SeoWoobin.jpeg
Wonjin,Ham Wonjin,함원진,CRAVITY,South Korea,male_idols/Wonjin_HamWonjin.jpeg
Taeyoung,Kim Taeyoung,김태영,CRAVITY,South Korea,male_idols/Taeyoung_KimTaeyoung.jpeg
Seongmin,Ahn Seongmin,안성민,CRAVITY,South Korea,male_idols/Seongmin_AhnSeongmin.jpeg
Chihoon,Choi Chihoon,최치훈,TOO,South Korea,male_idols/Chihoon_ChoiChihoon.jpeg
Donggeon,Song Donggeon,송동건,TOO,South Korea,male_idols/Donggeon_SongDonggeon.jpeg
Chan,Jo Chanhyuk,조찬혁,TOO,South Korea,male_idols/Chan_JoChanhyuk.jpeg
Jisu,Choi Jisu,최지수,TOO,South Korea,male_idols/Jisu_ChoiJisu.jpeg
Minsu,Kim Minsu,김민수,TOO,South Korea,male_idols/Minsu_KimMinsu.jpeg
Jaeyun,Lee Jaeyun,이재윤,TOO,South Korea,male_idols/Jaeyun_LeeJaeyun.webp
J.YOU,Kim Jaeyu,김제유,TOO,South Korea,male_idols/J.YOU_KimJaeyu.jpeg
Kyungho,Jang Kyungho,장경호,TOO,South Korea,male_idols/Kyungho_JangKyungho.jpeg
Seongmin,Oh Sungmin,오성민,ONE PACT,South Korea,male_idols/Seongmin_OhSungmin.jpeg
Woonggi,Cha Woonggi,차웅기,TOO,South Korea,male_idols/Woonggi_ChaWoonggi.jpeg
Seokhwa,Kang Seokhwa,강석화,WEi,South Korea,male_idols/Seokhwa_KangSeokhwa.webp
Rano,Byun Yongseop,변용섭,E'LAST,South Korea,male_idols/Rano_ByunYongseop.png
Won Hyuk,Won Hyuk,원혁,E'LAST,South Korea,male_idols/WonHyuk_WonHyuk.png
Wonjun,Lee Wonjun,이원준,E'LAST,South Korea,male_idols/Wonjun_LeeWonjun.jpeg
Choi In,Choi In,최인,E'LAST,South Korea,male_idols/ChoiIn_ChoiIn.jpeg
Seungyeop,Choi Seungyeop,최승엽,E'LAST,South Korea,male_idols/Seungyeop_ChoiSeungyeop.jpeg
Baekgyeul,Baek Sunwoo,백결,E'LAST,South Korea,male_idols/Baekgyeul_BaekSunwoo.jpeg
Romin,Choi Youngmin,최영민,E'LAST,South Korea,male_idols/Romin_ChoiYoungmin.jpeg
Yejun,Oh Yejun,오예준,E'LAST,South Korea,male_idols/Yejun_OhYejun.jpeg
Minho,Lee Minho,이민호,MY.st,South Korea,male_idols/Minho_LeeMinho.jpeg
Juntae,Kim Juntae,김준태,MY.st,South Korea,male_idols/Juntae_KimJuntae.jpeg
Woncheol,Jung Woncheol,정원철,MY.st,South Korea,male_idols/Woncheol_JungWoncheol.jpeg
Woojin,Lee Woojin,이우진,MY.st,South Korea,male_idols/Woojin_LeeWoojin.png
Keonwoo,Kim Keonwoo,김건우,MY.st,South Korea,male_idols/Keonwoo_KimKeonwoo.jpeg
Junghwan,So Junghwan,소정환,Treasure,South Korea,male_idols/Junghwan_SoJunghwan.jpeg
Lee Hyeop,Lee Hyeop,이협,DRIPPIN,South Korea,male_idols/LeeHyeop_LeeHyeop.png
Yunseong,Hwang Yunseong,황윤성,DRIPPIN,South Korea,male_idols/Yunseong_HwangYunseong.png
Changuk,Joo Changuk,주창욱,DRIPPIN,South Korea,male_idols/Changuk_JooChanguk.png
Dongyun,Kim Dongyun,김동윤,DRIPPIN,South Korea,male_idols/Dongyun_KimDongyun.png
Minseo,Kim Minseo,김민서,DRIPPIN,South Korea,male_idols/Minseo_KimMinseo.png
Alex,Alexander Schmidt Lee,알렉산더 슈미트 리,DRIPPIN,Germany,male_idols/Alex_AlexanderSchmidtLee.png
Dongjun,Hwang Dongjun,황동준,,South Korea,male_idols/Dongjun_HwangDongjun.jpeg
Junhyung,Son Junhyung,손준형,Ghost9,South Korea,male_idols/Junhyung_SonJunhyung.jpeg
Kangsung,Lee Kangsung,이강성,Ghost9,South Korea,male_idols/Kangsung_LeeKangsung.jpeg
Junseong,Choi Junseong,최준성,Ghost9,South Korea,male_idols/Junseong_ChoiJunseong.png
Prince,Pasidh Vataniyapromote,파싯 와타니야쁘라못,Ghost9,Thailand,male_idols/Prince_PasidhVataniyapromote.png
Keeho,Yoon Kiho,윤기호,P1Harmony,Canada,male_idols/Keeho_YoonKiho.jpeg
Jiung,Choi Jiwoong,최지웅,P1Harmony,South Korea,male_idols/Jiung_ChoiJiwoong.jpeg
Intak,Hwang Intak,황인탁,P1Harmony,South Korea,male_idols/Intak_HwangIntak.jpeg
Soul,Haku Shota,하쿠 쇼타,P1Harmony,Japan,male_idols/Soul_HakuShota.jpeg
Jongseob,Kim Jongseob,김종섭,P1Harmony,South Korea,male_idols/Jongseob_KimJongseob.jpeg
Jungwon,Yang Jungwon,양정원,ENHYPEN,South Korea,male_idols/Jungwon_YangJungwon.jpeg
Jay,Park Jongsung,박종성,ENHYPEN,South Korea,male_idols/Jay_ParkJongsung.jpeg
Jake,Shim Jaeyoon,심재윤,ENHYPEN,South Korea,male_idols/Jake_ShimJaeyoon.jpeg
Ni-Ki,Nishimura Riki,니시무라 리키,ENHYPEN,Japan,male_idols/Ni-Ki_NishimuraRiki.jpeg
Heeseung,Lee Heeseung,이희승,ENHYPEN,South Korea,male_idols/Heeseung_LeeHeeseung.jpeg
Sunghoon,Park Sunghoon,박성훈,ENHYPEN,South Korea,male_idols/Sunghoon_ParkSunghoon.jpeg
Sunoo,Kim Sunwoo,김선우,ENHYPEN,South Korea,male_idols/Sunoo_KimSunwoo.jpeg
Shin,Kim Suhyun,김수현,Ghost9,South Korea,male_idols/Shin_KimSuhyun.jpeg
Theo,Choi Taeyang,최태양,P1Harmony,South Korea,male_idols/Theo_ChoiTaeyang.jpeg
E-Chan,Lee Changmin,이창민,DKB,South Korea,male_idols/E-Chan_LeeChangmin.jpeg
D1,Jang Dongil,장동일,DKB,South Korea,male_idols/D1_JangDongil.jpeg
Teo,Jang Sungsik,장성식,DKB,South Korea,male_idols/Teo_JangSungsik.jpeg
GK,Kim Kwanghyun,김광현,DKB,South Korea,male_idols/GK_KimKwanghyun.jpeg
Heechan,Yang Heechan,양희찬,DKB,South Korea,male_idols/Heechan_YangHeechan.jpeg
Lune,Jung Sungmin,정성민,DKB,South Korea,male_idols/Lune_JungSungmin.jpeg
Junseo,Hwang Junseo,황준서,DKB,South Korea,male_idols/Junseo_HwangJunseo.jpeg
Yuku,Amanumu Yuku,아마누마 유쿠,DKB,Japan,male_idols/Yuku_AmanumuYuku.jpeg
Harry-June,Han Harry-June,한해리준,DKB,South Korea,male_idols/Harry-June_HanHarry-June.jpeg
Nason,Kim Duyeop,김두엽,CHECKMATE,South Korea,male_idols/Nason_KimDuyeop.png
Yongseok,Choi Yongseok,최용석,CHECKMATE,South Korea,male_idols/Yongseok_ChoiYongseok.png
Noah,Hwang Seundae,황승대 ,CHECKMATE,South Korea,male_idols/Noah_HwangSeundae.webp
J-Min,Jeon Minwook,전민욱,BAE173,South Korea,male_idols/J-Min_JeonMinwook.jpeg
Yoojun,Jung Gun,정건,BAE173,South Korea,male_idols/Yoojun_JungGun.jpeg
Muzin,Kim Hyunwoo,김현우,BAE173,South Korea,male_idols/Muzin_KimHyunwoo.jpeg
Junseo,Park Junseo,박준서,BAE173,South Korea,male_idols/Junseo_ParkJunseo.png
Youngseo,Ryu Youngseo,류영서,BAE173,South Korea,male_idols/Youngseo_RyuYoungseo.png
Doha,Na Gyumin,나규민,BAE173,South Korea,male_idols/Doha_NaGyumin.png
Bit,No Minjae,노민재,BAE173,South Korea,male_idols/Bit_NoMinjae.png
Shotaro,Osaki Shotaro,오사키 쇼타로,RIIZE,Japan,male_idols/Shotaro_OsakiShotaro.jpeg
Sungchan,Jung Sungchan,정성찬,RIIZE,South Korea,male_idols/Sungchan_JungSungchan.png
Noah,Song Yubin,송유빈,T1419,South Korea,male_idols/Noah_SongYubin.jpeg
Sian,Choi Changmin,최창민 ,T1419,South Korea,male_idols/Sian_ChoiChangmin.jpeg
Kevin,Baek Seungbin,백승빈,T1419,South Korea,male_idols/Kevin_BaekSeungbin.png
Gunwoo,Kim Gunwoo,김건우,T1419,South Korea,male_idols/Gunwoo_KimGunwoo.jpeg
Leo,Hayase Leo,하야세 레오,T1419,Japan,male_idols/Leo_HayaseLeo.jpeg
On,Choi Juhwan,최주환,T1419,South Korea,male_idols/On_ChoiJuhwan.jpeg
Zero,Nasukawa Shota,나스카와 쇼타,T1419,Japan,male_idols/Zero_NasukawaShota.jpeg
Kairi,Imai Kairi,이마이 카이리,T1419,Japan,male_idols/Kairi_ImaiKairi.png
Kio,Udo Musashi,우도 무사시,T1419,South Korea,male_idols/Kio_UdoMusashi.jpeg
Louis,Yang Dongsik,양동식,Kingdom,South Korea,male_idols/Louis_YangDongsik.png
Chiwoo,Guk Seungjun,국승준,Kingdom,South Korea,male_idols/Chiwoo_GukSeungjun.png
Ivan,Park Yooseong,박유성,Kingdom,South Korea,male_idols/Ivan_ParkYooseong.png
Mujin,Ko Sungho,고성호,Kingdom,South Korea,male_idols/Mujin_KoSungho.png
Jahan,Im Jihun,임지훈,Kingdom,South Korea,male_idols/Jahan_ImJihun.png
Eric,Moon Junghyuk,문정혁,Shinhwa,South Korea,male_idols/Eric_MoonJunghyuk.jpeg
Minwoo,Lee Minwoo,이민우,Shinhwa,South Korea,male_idols/Minwoo_LeeMinwoo.jpeg
Dongwan,Kim Dongwan,김동완,Shinhwa,South Korea,male_idols/Dongwan_KimDongwan.png
Shin Hyesung,Jung Pilkyo,정필교,Shinhwa,South Korea,male_idols/ShinHyesung_JungPilkyo.jpeg
Jun Jin,Park Choongjae,박충재,Shinhwa,South Korea,male_idols/JunJin_ParkChoongjae.png
Andy,Lee Sunho,이선호,Shinhwa,South Korea,male_idols/Andy_LeeSunho.png
Tan,Choi Seokwon,최석원,Ciipher,South Korea,male_idols/Tan_ChoiSeokwon.png
Hwi,Lee Choonghyun,이충현,Ciipher,South Korea,male_idols/Hwi_LeeChoonghyun.png
Hyunbin,Moon Hyunbin,문현빈,Ciipher,South Korea,male_idols/Hyunbin_MoonHyunbin.png
Keita,Terazono Keita,테라조노 케이타,Ciipher,Japan,male_idols/Keita_TerazonoKeita.jpeg
TAG,Yeom Taekyun,염태균,ONE PACT,South Korea,male_idols/TAG_YeomTaekyun.png
Dohwan,Gil Dohwan,길도환,Ciipher,South Korea,male_idols/Dohwan_GilDohwan.png
Lien,Shimada Sho,시마다 쇼,Mirae,Japan,male_idols/Lien_ShimadaSho.jpeg
Junhyuk,Lee Junhyuk,이준혁,Mirae,South Korea,male_idols/Junhyuk_LeeJunhyuk.jpeg
Douhyun,Yoo Douhyun,유도현,Mirae,South Korea,male_idols/Douhyun_YooDouhyun.jpeg
Khael,Lee Sangmin,이상민,Mirae,South Korea,male_idols/Khael_LeeSangmin.jpeg
Siyoung,Park Siyoung,박시영,Mirae,South Korea,male_idols/Siyoung_ParkSiyoung.jpeg
Yubin,Jang Yubin,장유빈,Mirae,South Korea,male_idols/Yubin_JangYubin.jpeg
Juhan,Hong Seunghyun,홍승현,BLITZERS,South Korea,male_idols/Juhan_HongSeunghyun.png
Jinhwa,Choi Jinhwa,최진화,BLITZERS,South Korea,male_idols/Jinhwa_ChoiJinhwa.png
Sya,Lee Junyoung,이준영,BLITZERS,South Korea,male_idols/Sya_LeeJunyoung.png
Lutan,Choi Gyeongseok,최경석,BLITZERS,South Korea,male_idols/Lutan_ChoiGyeongseok.png
Wooju,Cho Wooju,조우주,BLITZERS,South Korea,male_idols/Wooju_ChoWooju.png
Go_U,Jang Junho,고유,BLITZERS,South Korea,male_idols/Go_U_JangJunho.jpeg
Chris,Han Chris,한 크리스,BLITZERS,South Korea,male_idols/Chris_HanChris.jpg
Andy,Lui Chunyeung,루이쯔양,7 O'clock,Hong Kong,male_idols/Andy_LuiChunyeung.png
Hangyeom,Song Hangyeom,송한겸,OMEGA X,South Korea,male_idols/Hangyeom_SongHangyeom.png
Hyun,Park Sunghyun,박성현,7 O'clock,South Korea,male_idols/Hyun_ParkSunghyun.png
2Soul,Kim Younghoon,김영훈,7 O'clock,South Korea,male_idols/2Soul_KimYounghoon.jpeg
Jeonggyu,Lim Jeonggyu,임정규,7 O'clock,South Korea,male_idols/Jeonggyu_LimJeonggyu.png
Taeyoung,Kim Taeyoung,김태영,7 O'clock,South Korea,male_idols/Taeyoung_KimTaeyoung.webp
Rui,Jang Rui,장루이,7 O'clock,South Korea,male_idols/Rui_JangRui.png
Geonu,Lee Geonwoo,이건우,JUST B,South Korea,male_idols/Geonu_LeeGeonwoo.webp
Bain,Song Byeonghee,송병희,JUST B,South Korea,male_idols/Bain_SongByeonghee.jpeg
Lim Jimin,Lim Jimin,임지민,JUST B,South Korea,male_idols/LimJimin_LimJimin.jpeg
JM,Chu Jimin,추지민,JUST B,South Korea,male_idols/JM_ChuJimin.webp
Sangwoo,Kim Sangwoo,김상우,JUST B,South Korea,male_idols/Sangwoo_KimSangwoo.jpeg
Steven,Kim Steven,킴 스티븐,Luminous,South Korea,male_idols/Steven_KimSteven.png
Suil,Ma Suil,마수일,Luminous,South Korea,male_idols/Suil_MaSuil.png
Youngbin,Jeong Youngbin,정영빈,Luminous,South Korea,male_idols/Youngbin_JeongYoungbin.png
Woobin,Jeong Woobin,정우빈,Luminous,South Korea,male_idols/Woobin_JeongWoobin.png
Wish,Kwak Dawit,곽다윗,EPEX,South Korea,male_idols/Wish_KwakDawit.jpeg
Keum,Keum Donghyun,금동현,EPEX,South Korea,male_idols/Keum_KeumDonghyun.jpeg
Mu,Suh Kyungmin,서경민,EPEX,South Korea,male_idols/Mu_SuhKyungmin.jpeg
A-min,Cho Minwoo,조민우,EPEX,South Korea,male_idols/A-min_ChoMinwoo.jpeg
Baek Seung,Kim Hyunwoo,김현우,EPEX,South Korea,male_idols/BaekSeung_KimHyunwoo.jpeg
Ayden,Kwon Yejun,권예준,EPEX,South Korea,male_idols/Ayden_KwonYejun.jpeg
Yewang,Seo Yewang,서예왕,EPEX,South Korea,male_idols/Yewang_SeoYewang.jpeg
Jeff,Lee Jaeho,이재호,EPEX,South Korea,male_idols/Jeff_LeeJaeho.jpeg
Hanbin,Ngo Ngoc Hung,응오 응옥 흥,TEMPEST,Vietnam,male_idols/Hanbin_NgoNgocHung.jpeg
Hyungseop,Ahn Hyungseop,안형섭,TEMPEST,South Korea,male_idols/Hyungseop_AhnHyungseop.jpeg
Hyuk,Koo Bonhyuk,구본혁,TEMPEST,South Korea,male_idols/Hyuk_KooBonhyuk.jpeg
Lew,Lee Euiwoong,이의웅,TEMPEST,South Korea,male_idols/Lew_LeeEuiwoong.jpeg
Hwarang,Son Jaewon,송재원,TEMPEST,South Korea,male_idols/Hwarang_SonJaewon.jpeg
Eunchan,Choi Byeongseop,최병섭,TEMPEST,South Korea,male_idols/Eunchan_ChoiByeongseop.jpeg
Taerae,Kim Taerae,김태래,TEMPEST,South Korea,male_idols/Taerae_KimTaerae.jpeg
DK,Kim Dokyun,김도균,BLANK2Y,South Korea,male_idols/DK_KimDokyun.jpeg
Siwoo,Park Siwoo,박시우,BLANK2Y,South Korea,male_idols/Siwoo_ParkSiwoo.webp
Mikey,Morisaki Daisuke,모리사키 다이스케,BLANK2Y,Japan,male_idols/Mikey_MorisakiDaisuke.webp
U,Sun Hengyu,쑨헝위,BLANK2Y,China,male_idols/U_SunHengyu.png
Youngbin,Lee Youngbin,이영빈,BLANK2Y,South Korea,male_idols/Youngbin_LeeYoungbin.png
Sungjun,Lee Sungjun,이성준,BLANK2Y,South Korea,male_idols/Sungjun_LeeSungjun.jpeg
Sodam,Park Sodam,박소담,BLANK2Y,South Korea,male_idols/Sodam_ParkSodam.webp
Eden,Jae Won,재원,NINE.i,South Korea,male_idols/Eden_JaeWon.jpeg
Winnie,Pattipong Kasemsant,파티퐁 카셈산트,NINE.i,Thailand,male_idols/Winnie_PattipongKasemsant.png
Jewon,Woo Jewon,우제원,NINE.i,South Korea,male_idols/Jewon_WooJewon.jpeg
Minjun,Kim Minjun,김민준,NINE.i,South Korea,male_idols/Minjun_KimMinjun.jpeg
Vahn,Kim Jungwoo,김정우,NINE.i,South Korea,male_idols/Vahn_KimJungwoo.png
Vari,Jae Hyun,재현,NINE.i,South Korea,male_idols/Vari_JaeHyun.jpeg
Seowon,Seo Won,서원,NINE.i,South Korea,male_idols/Seowon_SeoWon.png
Taehun,Lee Taehoon,이태훈,NINE.i,South Korea,male_idols/Taehun_LeeTaehoon.jpeg
Joohyoung,Kim Joohyoung,김주형,NINE.i,South Korea,male_idols/Joohyoung_KimJoohyoung.jpeg
Jiho,Jang Jiho,장지호,NINE.i,South Korea,male_idols/Jiho_JangJiho.png
Eunho,Myung Eunho,명은호,YOUNITE,South Korea,male_idols/Eunho_MyungEunho.jpeg
Steve,Lim Dohyun,임도현,YOUNITE,South Korea,male_idols/Steve_LimDohyun.jpeg
Hyunseung,Kim Hyunseung,김현승,YOUNITE,South Korea,male_idols/Hyunseung_KimHyunseung.webp
Hyungseok,Song Hyungseok,송형석,YOUNITE,South Korea,male_idols/Hyungseok_SongHyungseok.jpeg
Woono,Song Wonho,홍원호,YOUNITE,South Korea,male_idols/Woono_SongWonho.jpeg
Dey,Kim Sehyun,김세현,YOUNITE,South Korea,male_idols/Dey_KimSehyun.jpeg
Kyungmun,Lim Kyungmun,임경문,YOUNITE,South Korea,male_idols/Kyungmun_LimKyungmun.jpeg
Sion,Kim Sion,김시온,YOUNITE,South Korea,male_idols/Sion_KimSion.jpeg
Havit,Lee Havit,이하빛,TRENDZ,South Korea,male_idols/Havit_LeeHavit.webp
Leon,Kim Donghyun,김동현,TRENDZ,South Korea,male_idols/Leon_KimDonghyun.png
Yoonwoo,Lee Choonghyun,이충현,TRENDZ,South Korea,male_idols/Yoonwoo_LeeChoonghyun.jpeg
Hankook,Cho Hankook,조한국,TRENDZ,South Korea,male_idols/Hankook_ChoHankook.webp
ra.L,Yi Taehyun,이태현,TRENDZ,South Korea,male_idols/ra.L_YiTaehyun.webp
Eunil,Kim Eunil,김은일,TRENDZ,South Korea,male_idols/Eunil_KimEunil.webp
Yechan,Jeong Yechan,정예찬,TRENDZ,South Korea,male_idols/Yechan_JeongYechan.webp
Myungho,Ji Myungho,지명호,8TURN,South Korea,male_idols/Myungho_JiMyungho.jpeg
Jaeyun,Moon Jaeyun,문재윤,8TURN,New Zealand,male_idols/Jaeyun_MoonJaeyun.jpeg
Minho,Yang Minho,양민호,8TURN,South Korea,male_idols/Minho_YangMinho.jpeg
Yoonsung,Cho Yoonsung,조윤성,8TURN,South Korea,male_idols/Yoonsung_ChoYoonsung.jpeg
Haemin,Jung Haemin,정해민,8TURN,South Korea,male_idols/Haemin_JungHaemin.jpeg
Kyungmin,Jo Kyungmin,조경민,8TURN,South Korea,male_idols/Kyungmin_JoKyungmin.png
Yungyu,Lee Yungyu,이윤규,8TURN,South Korea,male_idols/Yungyu_LeeYungyu.webp
Seungheon,Lee Seungheon,이승헌,8TURN,South Korea,male_idols/Seungheon_LeeSeungheon.png
WinL,Yang Seungho,양승호,ABLUE,South Korea,male_idols/WinL_YangSeungho.jpeg
Wonjun,Jeong Wonjun,정원준,ABLUE,South Korea,male_idols/Wonjun_JeongWonjun.png
Seongsoo,Park Seongsoo,박성수,ABLUE,South Korea,male_idols/Seongsoo_ParkSeongsoo.png
You,Kim Taeyou,김태유,ABLUE,South Korea,male_idols/You_KimTaeyou.png
On,Kim Dongwoo,김동우,ABLUE,South Korea,male_idols/On_KimDongwoo.png
Sukjun,Lee Sukjun,이석준,ABLUE,South Korea,male_idols/Sukjun_LeeSukjun.jpeg
Doryun,Kim Doryun,킴도륜,AIMERS,South Korea,male_idols/Doryun_KimDoryun.jpeg
Yoel,Kim Yoel,킴요엘,AIMERS,South Korea,male_idols/Yoel_KimYoel.jpeg
Seunghwan,Park Seunghwan,박승환,AIMERS,South Korea,male_idols/Seunghwan_ParkSeunghwan.png
Wooyoung,Hwang Wooyoung,황우영,AIMERS,South Korea,male_idols/Wooyoung_HwangWooyoung.png
Junseok,Oh Junseok,오준석,ATBO,South Korea,male_idols/Junseok_OhJunseok.jpeg
Junmin,Ryu Junmin,류준민,ATBO,South Korea,male_idols/Junmin_RyuJunmin.png
Hyunjun,Bae Hyunjun,배현준,ATBO,South Korea,male_idols/Hyunjun_BaeHyunjun.png
Rakwon,Seok Rakwon,석락원,ATBO,South Korea,male_idols/Rakwon_SeokRakwon.jpeg
Seunghwan,Jeong Seunghwan,정승환,ATBO,South Korea,male_idols/Seunghwan_JeongSeunghwan.png
Yeonkyu,Kim Yeonkyu,김연규,ATBO,South Korea,male_idols/Yeonkyu_KimYeonkyu.jpeg
Won Bin,Won Bin,원빈,ATBO,South Korea,male_idols/WonBin_WonBin.png
Ryujei,Chae Hocheol,채호철,JWiiver,South Korea,male_idols/Ryujei_ChaeHocheol.jpeg
Rihan,Choi Yeonsik,최연식,JWiiver,South Korea,male_idols/Rihan_ChoiYeonsik.png
Shita,Chae Gaho,채가호,JWiiver,Macau,male_idols/Shita_ChaeGaho.png
Raots,Ren Yuchen,런위천,JWiiver,China,male_idols/Raots_RenYuchen.jpeg
Roshin,Bae Sijun,배시준,JWiiver,South Korea,male_idols/Roshin_BaeSijun.webp
Gabin,Yoo Seunghyun,유승현,JWiiver,South Korea,male_idols/Gabin_YooSeunghyun.png
Jukang,Lee Hyowon,이효원,JWiiver,South Korea,male_idols/Jukang_LeeHyowon.png
Kyungjun,Woo Kyungjun,우경준,TNX,South Korea,male_idols/Kyungjun_WooKyungjun.jpeg
Taehun,Choi Taehun,최태훈,TNX,South Korea,male_idols/Taehun_ChoiTaehun.jpeg
Hyunsoo,Jang Hyunsoo,장현수,TNX,South Korea,male_idols/Hyunsoo_JangHyunsoo.jpeg
Hwi,Eun Hwi,은휘,TNX,South Korea,male_idols/Hwi_EunHwi.jpeg
Sungjun,Oh Sungjun,오성준,TNX,South Korea,male_idols/Sungjun_OhSungjun.jpeg
Junhyeok,Cheon Junhyeok,천준혁,TNX,South Korea,male_idols/Junhyeok_CheonJunhyeok.jpeg
Doha,Park Doha,박도하,XEED,South Korea,male_idols/Doha_ParkDoha.jpeg
Bao,Bae Sungyeob,배성엽,XEED,South Korea,male_idols/Bao_BaeSungyeob.png
Jaemin,Shin Jaemin,신재민,XEED,South Korea,male_idols/Jaemin_ShinJaemin.jpeg
Roni,Jeong Rowoon,정로운,,South Korea,male_idols/Roni_JeongRowoon.png
Minjae,Kim Minjae,김민재,xikers,South Korea,male_idols/Minjae_KimMinjae.jpeg
Junmin,Park Junmin,박준민,xikers,South Korea,male_idols/Junmin_ParkJunmin.jpeg
Sumin,Choi Sumin,최수민,xikers,South Korea,male_idols/Sumin_ChoiSumin.jpeg
Jinsik,Han Jinsik,함진식,xikers,South Korea,male_idols/Jinsik_HanJinsik.jpeg
Hyunwoo,Choi Hyunwoo,최현우,xikers,South Korea,male_idols/Hyunwoo_ChoiHyunwoo.jpeg
Junghoon,Kim Junghoon,김정훈,xikers,South Korea,male_idols/Junghoon_KimJunghoon.webp
Seeun,Park Seeun,박세은,xikers,South Korea,male_idols/Seeun_ParkSeeun.jpeg
Hunter,Papungkorn Lertkiatdamrong,빠팡콘 륵키앗둠롱,xikers,Thailand,male_idols/Hunter_PapungkornLertkiatdamrong.jpeg
Yujun,Jung Yujun,정유준,xikers,South Korea,male_idols/Yujun_JungYujun.jpeg
Yechan,Lee Yechan,이예찬,xikers,South Korea,male_idols/Yechan_LeeYechan.jpeg
Byunghoon,Choi Byunghoon,최병훈,CMDM,South Korea,male_idols/Byunghoon_ChoiByunghoon.webp
Hyunhah,Kim Hyunhah,김현하,CMDM,South Korea,male_idols/Hyunhah_KimHyunhah.webp
Junhyoung,Oh Junhyoung,오준형,CMDM,South Korea,male_idols/Junhyoung_OhJunhyoung.webp
Heeju,Chae Heeju,채희주,CMDM,South Korea,male_idols/Heeju_ChaeHeeju.webp
Nohyul,Lee Nohyul,이노율,CMDM,South Korea,male_idols/Nohyul_LeeNohyul.webp
Seungho,Kim Seungho,김승호,CMDM,South Korea,male_idols/Seungho_KimSeungho.webp
Jiwoong,Kim Jiwoong,김지웅,ZEROBASEONE,South Korea,male_idols/Jiwoong_KimJiwoong.jpeg
Gyuvin,Kim Gyuvin,김규빈,ZEROBASEONE,South Korea,male_idols/Gyuvin_KimGyuvin.jpeg
Taerae,Kim Taerae,김태래,ZEROBASEONE,South Korea,male_idols/Taerae_KimTaerae.jpeg
Gunwook,Park Gunwook,박건욱,ZEROBASEONE,South Korea,male_idols/Gunwook_ParkGunwook.jpeg
Ricky,Shen Quanrui,션취안루이,ZEROBASEONE,China,male_idols/Ricky_ShenQuanrui.jpeg
Matthew,Seok Matthew,석매튜,ZEROBASEONE,Canada,male_idols/Matthew_SeokMatthew.jpeg
Hanbin,Sung Hanbin,성한빈,ZEROBASEONE,South Korea,male_idols/Hanbin_SungHanbin.jpeg
Zhang Hao,Zhang Hao,장하오,ZEROBASEONE,China,male_idols/ZhangHao_ZhangHao.jpeg
Yujin,Han Yujin,한유진,ZEROBASEONE,South Korea,male_idols/Yujin_HanYujin.jpeg
Gunil,Go Gunil,구건일,Xdinary Heroes,South Korea,male_idols/Gunil_GoGunil.jpeg
Jungsu,Kim Jungsu,김정수,Xdinary Heroes,South Korea,male_idols/Jungsu_KimJungsu.jpeg
Gaon,Kwak Jiseok,곽지석,Xdinary Heroes,South Korea,male_idols/Gaon_KwakJiseok.png
O.de,Oh Seungmin,오승민,Xdinary Heroes,South Korea,male_idols/O.de_OhSeungmin.jpeg
Jun Han,Han Hyeongjun,한형준,Xdinary Heroes,South Korea,male_idols/JunHan_HanHyeongjun.jpeg
Jooyeon,Lee Jooyeon,이주연,Xdinary Heroes,South Korea,male_idols/Jooyeon_LeeJooyeon.jpeg
Sungho,Park Sungho,박성호,BOYNEXTDOOR,South Korea,male_idols/Sungho_ParkSungho.jpeg
Riwoo,Lee Sanghyeok,이상혁,BOYNEXTDOOR,South Korea,male_idols/Riwoo_LeeSanghyeok.jpeg
Jaehyun,Myung Jaehyun,명재현,BOYNEXTDOOR,South Korea,male_idols/Jaehyun_MyungJaehyun.jpeg
Taesan,Han Dongmin,한동민,BOYNEXTDOOR,South Korea,male_idols/Taesan_HanDongmin.webp
Leehan,Kim Donghyun,김동현,BOYNEXTDOOR,South Korea,male_idols/Leehan_KimDonghyun.webp
Woonhak,Kim Woonhak,김운학,BOYNEXTDOOR,South Korea,male_idols/Woonhak_KimWoonhak.jpeg
Jaewon,Shin Jaewon,신재원,,South Korea,male_idols/Jaewon_ShinJaewon.jpeg
Heesoo,Kim Heesoo,김희수,The Wind,South Korea,male_idols/Heesoo_KimHeesoo.jpeg
Thanatorn,Thanathorn Rueangsuwan,타나톤 루앙수완,The Wind,South Korea,male_idols/Thanatorn_ThanathornRueangsuwan.jpeg
Hanbin,Choi Hanbin,최한빈,The Wind,South Korea,male_idols/Hanbin_ChoiHanbin.jpeg
Hayuchan,Park Hayuchan,박하유찬,The Wind,South Korea,male_idols/Hayuchan_ParkHayuchan.jpeg
Chanwon,An Chanwon,안찬원,The Wind,South Korea,male_idols/Chanwon_AnChanwon.jpeg
Hyounjoon,Jang Hyounjoon,장현준,The Wind,South Korea,male_idols/Hyounjoon_JangHyounjoon.webp
June,Lee Junyoung,이준영,BXB,South Korea,male_idols/June_LeeJunyoung.png
Jimin,Kim Jimin,김지민,HAWW,South Korea,male_idols/Jimin_KimJimin.png
Jeongeun,Park Jeongeun,박정근,HAWW,South Korea,male_idols/Jeongeun_ParkJeongeun.png
Minyong,Kang Minyong,강민용,HAWW,South Korea,male_idols/Minyong_KangMinyong.png
Chanyoung,Jung Chanyoung,정찬영,HAWW,South Korea,male_idols/Chanyoung_JungChanyoung.png
Louii,Park Seonghoon,박성훈,HAWW,South Korea,male_idols/Louii_ParkSeonghoon.png
Juho,Yang Zuho,양주호,HAWW,South Korea,male_idols/Juho_YangZuho.png
Seobin,Woo Seobin,우서빈,HAWW,South Korea,male_idols/Seobin_WooSeobin.png
Hyunsik,Won Hyunsik,원현식,XODIAC,South Korea,male_idols/Hyunsik_WonHyunsik.jpeg
Zayyan,Muhammad Rifki Fahri Zayyan,무하마드 리프키 파흐리 자얀,XODIAC,Indonesia,male_idols/Zayyan_MuhammadRifkiFahriZayyan.jpeg
Lex,Zo Doohyun,조두현,XODIAC,South Korea,male_idols/Lex_ZoDoohyun.jpeg
Beomsoo,Kim Beomsoo,김범수,XODIAC,South Korea,male_idols/Beomsoo_KimBeomsoo.jpeg
Gyumin,Kim Gyumin,김규민,XODIAC,South Korea,male_idols/Gyumin_KimGyumin.jpeg
Wain,Park Sehoon,박세훈,XODIAC,South Korea,male_idols/Wain_ParkSehoon.jpeg
Sing,Mak Chun Sing,막준씽,XODIAC,Hong Kong,male_idols/Sing_MakChunSing.jpeg
Davin,Kim Davin,김다빈,XODIAC,South Korea,male_idols/Davin_KimDavin.png
Leo,,,XODIAC,Hong Kong,male_idols/Leo_.jpeg
Keon,Kim Keon,김건,WEUS,South Korea,male_idols/Keon_KimKeon.jpeg
Chanwook,Yang Chanwook,양찬욱,WEUS,South Korea,male_idols/Chanwook_YangChanwook.png
Minhyuk,Yoon Minhyuk,윤민혁,WEUS,South Korea,male_idols/Minhyuk_YoonMinhyuk.png
Jeongmin,Woo Jeongmin,우정민,WEUS,South Korea,male_idols/Jeongmin_WooJeongmin.png
Jeongyoon,Woo Jeongyoon,우정윤,WEUS,South Korea,male_idols/Jeongyoon_WooJeongyoon.webp
Boyul,Kwon Boyul,권보율,WEUS,South Korea,male_idols/Boyul_KwonBoyul.png
Hyukjin,Son Hyukjin,손혁진,WEUS,South Korea,male_idols/Hyukjin_SonHyukjin.png
Taehwan,Lee Taehwan,태환,VANNER,South Korea,male_idols/Taehwan_LeeTaehwan.jpeg
Gon,Lee Wonseo,이원서,VANNER,South Korea,male_idols/Gon_LeeWonseo.jpeg
Hyesung,Park Hyeseong,박혜성,VANNER,South Korea,male_idols/Hyesung_ParkHyeseong.png
Ahxian,Park Sungkook,박성국,VANNER,South Korea,male_idols/Ahxian_ParkSungkook.jpeg
Yeonggwang,Ahn Youngjun,안영준,VANNER,South Korea,male_idols/Yeonggwang_AhnYoungjun.jpeg
Shinyu,Shin Junghwan,신정환,TWS,South Korea,male_idols/Shinyu_ShinJunghwan.png
Dohoon,Kim Dohoon,김도훈,TWS,South Korea,male_idols/Dohoon_KimDohoon.webp
Youngjae,Choi Youngjae,최영재,TWS,South Korea,male_idols/Youngjae_ChoiYoungjae.jpeg
Hanjin,Han Zhen,한쩐,TWS,China,male_idols/Hanjin_HanZhen.png
Jihoon,Han Jihoon,한지훈,TWS,South Korea,male_idols/Jihoon_HanJihoon.png
Kyungmin,Lee Kyungmin,이경민,TWS,South Korea,male_idols/Kyungmin_LeeKyungmin.png
Kamden,Kamden Winston Na,캠든 윈스턴 나,AMPERS&ONE,USA,male_idols/Kamden_KamdenWinstonNa.jpeg
Brian,Brian Ho,브라이언 호,AMPERS&ONE,Canada,male_idols/Brian_BrianHo.jpeg
Jiho,Choi Jiho,최지호,AMPERS&ONE,South Korea,male_idols/Jiho_ChoiJiho.jpeg
Siyun,Yoon Siyun,윤시윤,AMPERS&ONE,South Korea,male_idols/Siyun_YoonSiyun.jpeg
Kyrell,Kyrell Choi,카이렐 초이,AMPERS&ONE,USA,male_idols/Kyrell_KyrellChoi.jpeg
Mackiyah,Mackiah Yejun Mercer,마카야 예준 머서,AMPERS&ONE,Australia,male_idols/Mackiyah_MackiahYejunMercer.jpeg
Seungmo,Kim Seungmo,김승모,AMPERS&ONE,South Korea,male_idols/Seungmo_KimSeungmo.jpeg
Hanbin,Park Hanbin,박한빈,EVNNE,South Korea,male_idols/Hanbin_ParkHanbin.png
Jeonghyeon,Lee Jeonghyeon,이정현,EVNNE,South Korea,male_idols/Jeonghyeon_LeeJeonghyeon.jpeg
Seungeon,Yoo Seungeon,유승언,EVNNE,South Korea,male_idols/Seungeon_YooSeungeon.jpeg
Yunseo,Ji Yunseo,지윤서,EVNNE,South Korea,male_idols/Yunseo_JiYunseo.png
Junghyun,Mun Junghyun,문정현,EVNNE,South Korea,male_idols/Junghyun_MunJunghyun.png
Jihoo,Park Jihoo,박지후,EVNNE,South Korea,male_idols/Jihoo_ParkJihoo.png
K-Soul,Liu Zekai,류저카이,FANTASY BOYS,China,male_idols/K-Soul_LiuZekai.jpeg
Minseo,Kang Minseo,강민서,FANTASY BOYS,South Korea,male_idols/Minseo_KangMinseo.png
Hanbin,Lee Hanbin,이한빈,FANTASY BOYS,South Korea,male_idols/Hanbin_LeeHanbin.png
Hikari,Etani Hikari,에타니 히카리,FANTASY BOYS,Japan,male_idols/Hikari_EtaniHikari.jpeg
Ling Qi,Ling Qi,링치,FANTASY BOYS,China,male_idols/LingQi_LingQi.png
Hikaru,Urabe Hikaru,우라베 히카루,FANTASY BOYS,Japan,male_idols/Hikaru_UrabeHikaru.png
Wooseok,Kim Wooseok,김우석,FANTASY BOYS,South Korea,male_idols/Wooseok_KimWooseok.png
Sungmin,Hong Sungmin,홍성민,FANTASY BOYS,South Korea,male_idols/Sungmin_HongSungmin.jpeg
Hyeontae,Oh Hyeontae,오현태,FANTASY BOYS,South Korea,male_idols/Hyeontae_OhHyeontae.png
Gyurae,Kim Gyurae,김규래,FANTASY BOYS,South Korea,male_idols/Gyurae_KimGyurae.png
Kaedan,Kaedan Keonwoo Nam,케이단 건우 남,FANTASY BOYS,South Korea,male_idols/Kaedan_KaedanKeonwooNam.png
Jinsu,Park Jinsu,박진수,LUN8,South Korea,male_idols/Jinsu_ParkJinsu.jpeg
Chael,Lim Junyeop,임준엽,LUN8,South Korea,male_idols/Chael_LimJunyeop.jpeg
Takuma,Sato Takuma,사토 타쿠마,LUN8,South Korea,male_idols/Takuma_SatoTakuma.jpeg
Junwoo,Sim Junwoo,심준우,LUN8,South Korea,male_idols/Junwoo_SimJunwoo.jpeg
Dohyun,Park Dohyun,박도현,LUN8,South Korea,male_idols/Dohyun_ParkDohyun.jpeg
Ian,Ro Sungchul,노성철,LUN8,South Korea,male_idols/Ian_RoSungchul.jpeg
Ji Eunho,Lee Sangmin,이상민,LUN8,South Korea,male_idols/JiEunho_LeeSangmin.jpeg
Eunseop,Kim Eunseop,김은섭,LUN8,South Korea,male_idols/Eunseop_KimEunseop.jpeg
Eunseok,Song Eunseok,송은석,RIIZE,South Korea,male_idols/Eunseok_SongEunseok.jpeg
Wonbin,Park Wonbin,박원빈,RIIZE,South Korea,male_idols/Wonbin_ParkWonbin.jpeg
Seunghan,Hong Seunghan,홍승한,RIIZE,South Korea,male_idols/Seunghan_HongSeunghan.png
Sohee,Lee Sohee,이소희,RIIZE,South Korea,male_idols/Sohee_LeeSohee.png
Anton,Anton Chanyoung Lee,앤톤 찬영 리,RIIZE,USA,male_idols/Anton_AntonChanyoungLee.jpeg
Seita,,,DXMON,Japan,male_idols/Seita_.png
Minjae,Baek Minjae,백민재,DXMON,South Korea,male_idols/Minjae_BaekMinjae.png
Hee,Shin Youngseo,신용서,DXMON,South Korea,male_idols/Hee_ShinYoungseo.webp
TK,Kim Taegeuk,김태극,DXMON,South Korea,male_idols/TK_KimTaegeuk.png
Rex,Kim Minjun,김민준,DXMON,South Korea,male_idols/Rex_KimMinjun.png
Jo,,,DXMON,South Korea,male_idols/Jo_.webp
Jongwoo,Yoon Jongwoo,윤종우,ONE PACT,South Korea,male_idols/Jongwoo_YoonJongwoo.jpeg
Jay Chang,Jay Steven Kapossy,제이 스티븐 커포시,ONE PACT,USA,male_idols/JayChang_JayStevenKapossy.jpeg
Yedam,Lee Yedam,이예담,ONE PACT,South Korea,male_idols/Yedam_LeeYedam.png
Yorch,Yongsin Wongpanitnont,용신 웡파닛논,POW,Thailand,male_idols/Yorch_YongsinWongpanitnont.png
Hyunbin,Koo Hyunbin,구현빈,POW,South Korea,male_idols/Hyunbin_KooHyunbin.png
Jungbin,Lim Jungbin,임정빈,POW,South Korea,male_idols/Jungbin_LimJungbin.png
Dongyeon,Justin Lajo,저스틴 라조,POW,Philippines,male_idols/Dongyeon_JustinLajo.png
Hong,Kim Hong,김홍,POW,South Korea,male_idols/Hong_KimHong.png
Haseung,Lee Taewoo,이태우,WHIB,South Korea,male_idols/Haseung_LeeTaewoo.png
Jinbeom,Park Jinbeom,박진범,WHIB,South Korea,male_idols/Jinbeom_ParkJinbeom.jpeg
Jayder,Kim Junbmin,김준민,WHIB,South Korea,male_idols/Jayder_KimJunbmin.png
UGeon,Yoo Seungyong,유승용,WHIB,South Korea,male_idols/UGeon_YooSeungyong.png
Leejeong,Jeon Leejeong,정이정,WHIB,South Korea,male_idols/Leejeong_JeonLeejeong.jpeg
Jaeha,Lee Jaehyun,김재현,WHIB,South Korea,male_idols/Jaeha_LeeJaehyun.jpeg
Inhong,Lee Inhong,이인홍,WHIB,South Korea,male_idols/Inhong_LeeInhong.jpeg
Wonjun,Moon Wonjun,문원준,WHIB,South Korea,male_idols/Wonjun_MoonWonjun.webp
